year,award,nominee,ethnicity,movie,imgurl
1928,Actor in a Leading Role,Richard Barthelmess,caucasianAmerican,The Noose and The Patent Leather Kid,"<iframe src=""https://giphy.com/embed/8QYf6Bjdc1GBa"" width=""480"" height=""360"" frameBorder=""0"" class=""giphy-embed"" allowFullScreen></iframe><p><a href=""https://giphy.com/gifs/world-wonder-nancy-reagan-8QYf6Bjdc1GBa"">via GIPHY</a></p>"
1929,Actor in a Leading Role,Warner Baxter,caucasianAmerican,In Old Arizona,
1929,Actor in a Leading Role,George Bancroft,caucasianAmerican,Thunderbolt,
1929,Actor in a Leading Role,Chester Morris,caucasianAmerican,Alibi,
1929,Actor in a Leading Role,Paul Muni,caucasianAmerican,The Valiant,
1929,Actor in a Leading Role,Lewis Stone,caucasianAmerican,The Patriot,
1930,Actor in a Leading Role,Wallace Beery,caucasianAmerican,The Big House,
1930,Actor in a Leading Role,Lawrence Tibbett,caucasianAmerican,The Rogue Song,
1931,Actor in a Leading Role,Lionel Barrymore,caucasianAmerican,A Free Soul,
1931,Actor in a Leading Role,Jackie Cooper,caucasianAmerican,Skippy,
1931,Actor in a Leading Role,Richard Dix,caucasianAmerican,Cimarron,
1931,Actor in a Leading Role,Fredric March,caucasianAmerican,The Royal Family of Broadway,
1931,Actor in a Leading Role,Adolphe Menjou,caucasianAmerican,The Front Page,
1932,Actor in a Leading Role,Wallace Beery,caucasianAmerican,The Champ,
1932,Actor in a Leading Role,Fredric March,caucasianAmerican,Dr. Jekyll and Mr. Hyde,
1932,Actor in a Leading Role,Alfred Lunt,caucasianAmerican,The Guardsman,
1933,Actor in a Leading Role,Charles Laughton,caucasianAmerican,The Private Life of Henry VIII,
1933,Actor in a Leading Role,Paul Muni,caucasianAmerican,I Am a Fugitive from a Chain Gang,
1934,Actor in a Leading Role,Clark Gable,caucasianAmerican,It Happened One Night,
1934,Actor in a Leading Role,Frank Morgan,caucasianAmerican,The Affairs of Cellini,
1934,Actor in a Leading Role,William Powell,caucasianAmerican,The Thin Man,
1935,Actor in a Leading Role,Clark Gable,caucasianAmerican,Mutiny on the Bounty,
1935,Actor in a Leading Role,Franchot Tone,caucasianAmerican,Mutiny on the Bounty,
1936,Actor in a Leading Role,Paul Muni,caucasianAmerican,The Story of Louis Pasteur,
1936,Actor in a Leading Role,Gary Cooper,caucasianAmerican,Mr. Deeds Goes to Town,
1936,Actor in a Leading Role,William Powell,caucasianAmerican,My Man Godfrey,
1936,Actor in a Leading Role,Spencer Tracy,caucasianAmerican,San Francisco,
1937,Actor in a Leading Role,Spencer Tracy,caucasianAmerican,Captains Courageous,
1937,Actor in a Leading Role,Fredric March,caucasianAmerican,A Star Is Born,
1937,Actor in a Leading Role,Robert Montgomery,caucasianAmerican,Night Must Fall,
1937,Actor in a Leading Role,Paul Muni,caucasianAmerican,The Life of Emile Zola,
1938,Actor in a Leading Role,Spencer Tracy,caucasianAmerican,Boys Town,
1938,Actor in a Leading Role,James Cagney,caucasianAmerican,Angels with Dirty Faces,
1939,Actor in a Leading Role,Clark Gable,caucasianAmerican,Gone with the Wind,
1939,Actor in a Leading Role,Mickey Rooney,caucasianAmerican,Babes in Arms,
1939,Actor in a Leading Role,James Stewart,caucasianAmerican,Mr. Smith Goes to Washington,
1940,Actor in a Leading Role,James Stewart,caucasianAmerican,The Philadelphia Story,
1940,Actor in a Leading Role,Henry Fonda,caucasianAmerican,The Grapes of Wrath,
1941,Actor in a Leading Role,Gary Cooper,caucasianAmerican,Sergeant York,
1941,Actor in a Leading Role,Robert Montgomery,caucasianAmerican,Here Comes Mr. Jordan,
1941,Actor in a Leading Role,Orson Welles,caucasianAmerican,Citizen Kane,
1942,Actor in a Leading Role,James Cagney,caucasianAmerican,Yankee Doodle Dandy,
1942,Actor in a Leading Role,Gary Cooper,caucasianAmerican,The Pride of the Yankees,
1942,Actor in a Leading Role,Monty Woolley,caucasianAmerican,The Pied Piper,
1943,Actor in a Leading Role,Humphrey Bogart,caucasianAmerican,Casablanca,
1943,Actor in a Leading Role,Gary Cooper,caucasianAmerican,For Whom the Bell Tolls,
1943,Actor in a Leading Role,Mickey Rooney,caucasianAmerican,The Human Comedy,
1944,Actor in a Leading Role,Bing Crosby,caucasianAmerican,Going My Way,
1945,Actor in a Leading Role,Bing Crosby,caucasianAmerican,The Bells of St. Mary's,
1945,Actor in a Leading Role,Gene Kelly,caucasianAmerican,Anchors Aweigh,
1945,Actor in a Leading Role,Gregory Peck,caucasianAmerican,The Keys of the Kingdom,
1946,Actor in a Leading Role,Fredric March,caucasianAmerican,The Best Years of Our Lives,
1946,Actor in a Leading Role,Larry Parks,caucasianAmerican,The Jolson Story,
1946,Actor in a Leading Role,Gregory Peck,caucasianAmerican,The Yearling,
1946,Actor in a Leading Role,James Stewart,caucasianAmerican,It's a Wonderful Life,
1947,Actor in a Leading Role,John Garfield,caucasianAmerican,Body and Soul,
1947,Actor in a Leading Role,Gregory Peck,caucasianAmerican,Gentleman's Agreement,
1947,Actor in a Leading Role,William Powell,caucasianAmerican,Life with Father,
1948,Actor in a Leading Role,Lew Ayres,caucasianAmerican,Johnny Belinda,
1948,Actor in a Leading Role,Montgomery Clift,caucasianAmerican,The Search,
1948,Actor in a Leading Role,Dan Dailey,caucasianAmerican,When My Baby Smiles at Me,
1948,Actor in a Leading Role,Clifton Webb,caucasianAmerican,Sitting Pretty,
1949,Actor in a Leading Role,Broderick Crawford,caucasianAmerican,All the King's Men,
1949,Actor in a Leading Role,Kirk Douglas,caucasianAmerican,Champion,
1949,Actor in a Leading Role,Gregory Peck,caucasianAmerican,Twelve O'Clock High,
1949,Actor in a Leading Role,John Wayne,caucasianAmerican,Sands of Iwo Jima,
1950,Actor in a Leading Role,Louis Calhern,caucasianAmerican,The Magnificent Yankee,
1950,Actor in a Leading Role,William Holden,caucasianAmerican,Sunset Boulevard,
1950,Actor in a Leading Role,James Stewart,caucasianAmerican,Harvey,
1950,Actor in a Leading Role,Spencer Tracy,caucasianAmerican,Father of the Bride,
1951,Actor in a Leading Role,Humphrey Bogart,caucasianAmerican,The African Queen,
1951,Actor in a Leading Role,Marlon Brando,caucasianAmerican,A Streetcar Named Desire,
1951,Actor in a Leading Role,Montgomery Clift,caucasianAmerican,A Place in the Sun,
1951,Actor in a Leading Role,Arthur Kennedy,caucasianAmerican,Bright Victory,
1951,Actor in a Leading Role,Fredric March,caucasianAmerican,Death of a Salesman,
1952,Actor in a Leading Role,Gary Cooper,caucasianAmerican,High Noon,
1952,Actor in a Leading Role,Marlon Brando,caucasianAmerican,Viva Zapata!,
1952,Actor in a Leading Role,Kirk Douglas,caucasianAmerican,The Bad and the Beautiful,
1953,Actor in a Leading Role,William Holden,caucasianAmerican,Stalag 17,
1953,Actor in a Leading Role,Marlon Brando,caucasianAmerican,Julius Caesar,
1953,Actor in a Leading Role,Montgomery Clift,caucasianAmerican,From Here to Eternity,
1953,Actor in a Leading Role,Burt Lancaster,caucasianAmerican,From Here to Eternity,
1954,Actor in a Leading Role,Marlon Brando,caucasianAmerican,On the Waterfront,
1954,Actor in a Leading Role,Humphrey Bogart,caucasianAmerican,The Caine Mutiny,
1954,Actor in a Leading Role,Bing Crosby,caucasianAmerican,The Country Girl,
1955,Actor in a Leading Role,Ernest Borgnine,caucasianAmerican,Marty,
1955,Actor in a Leading Role,James Cagney,caucasianAmerican,Love Me or Leave Me,
1955,Actor in a Leading Role,James Dean,caucasianAmerican,East of Eden,
1955,Actor in a Leading Role,Frank Sinatra,caucasianAmerican,The Man with the Golden Arm,
1955,Actor in a Leading Role,Spencer Tracy,caucasianAmerican,Bad Day at Black Rock,
1956,Actor in a Leading Role,James Dean,caucasianAmerican,Giant,
1956,Actor in a Leading Role,Kirk Douglas,caucasianAmerican,Lust for Life,
1956,Actor in a Leading Role,Rock Hudson,caucasianAmerican,Giant,
1957,Actor in a Leading Role,Marlon Brando,caucasianAmerican,Sayonara,
1957,Actor in a Leading Role,Anthony Franciosa,caucasianAmerican,A Hatful of Rain,
1958,Actor in a Leading Role,Tony Curtis,caucasianAmerican,The Defiant Ones,
1958,Actor in a Leading Role,Paul Newman,caucasianAmerican,Cat on a Hot Tin Roof,
1958,Actor in a Leading Role,Spencer Tracy,caucasianAmerican,The Old Man and the Sea,
1959,Actor in a Leading Role,Charlton Heston,caucasianAmerican,Ben-Hur,
1959,Actor in a Leading Role,Jack Lemmon,caucasianAmerican,Some Like It Hot,
1959,Actor in a Leading Role,Paul Muni,caucasianAmerican,The Last Angry Man,
1959,Actor in a Leading Role,James Stewart,caucasianAmerican,Anatomy of a Murder,
1960,Actor in a Leading Role,Burt Lancaster,caucasianAmerican,Elmer Gantry,
1960,Actor in a Leading Role,Jack Lemmon,caucasianAmerican,The Apartment,
1960,Actor in a Leading Role,Spencer Tracy,caucasianAmerican,Inherit the Wind,
1961,Actor in a Leading Role,Paul Newman,caucasianAmerican,The Hustler,
1961,Actor in a Leading Role,Spencer Tracy,caucasianAmerican,Judgment at Nuremberg,
1961,Actor in a Leading Role,Stuart Whitman,caucasianAmerican,The Mark,
1962,Actor in a Leading Role,Gregory Peck,caucasianAmerican,To Kill a Mockingbird,
1962,Actor in a Leading Role,Burt Lancaster,caucasianAmerican,Birdman of Alcatraz,
1962,Actor in a Leading Role,Jack Lemmon,caucasianAmerican,Days of Wine and Roses,
1963,Actor in a Leading Role,Paul Newman,caucasianAmerican,Hud,
1965,Actor in a Leading Role,Lee Marvin,caucasianAmerican,Cat Ballou,
1965,Actor in a Leading Role,Rod Steiger,caucasianAmerican,The Pawnbroker,
1966,Actor in a Leading Role,Alan Arkin,caucasianAmerican,"The Russians Are Coming, the Russians Are Coming",
1966,Actor in a Leading Role,Steve McQueen,caucasianAmerican,The Sand Pebbles,
1967,Actor in a Leading Role,Rod Steiger,caucasianAmerican,In the Heat of the Night,
1967,Actor in a Leading Role,Warren Beatty,caucasianAmerican,Bonnie and Clyde,
1967,Actor in a Leading Role,Dustin Hoffman,caucasianAmerican,The Graduate,
1967,Actor in a Leading Role,Paul Newman,caucasianAmerican,Cool Hand Luke,
1967,Actor in a Leading Role,Spencer Tracy,caucasianAmerican,Guess Who's Coming to Dinner,
1968,Actor in a Leading Role,Cliff Robertson,caucasianAmerican,Charly,
1968,Actor in a Leading Role,Alan Arkin,caucasianAmerican,The Heart Is a Lonely Hunter,
1969,Actor in a Leading Role,John Wayne,caucasianAmerican,True Grit,
1969,Actor in a Leading Role,Dustin Hoffman,caucasianAmerican,Midnight Cowboy,
1969,Actor in a Leading Role,Jon Voight,caucasianAmerican,Midnight Cowboy,
1970,Actor in a Leading Role,George C. Scott,caucasianAmerican,Patton,
1970,Actor in a Leading Role,Melvyn Douglas,caucasianAmerican,I Never Sang for My Father,
1970,Actor in a Leading Role,Jack Nicholson,caucasianAmerican,Five Easy Pieces,
1970,Actor in a Leading Role,Ryan O'Neal,caucasianAmerican,Love Story,
1971,Actor in a Leading Role,Gene Hackman,caucasianAmerican,The French Connection,
1971,Actor in a Leading Role,Walter Matthau,caucasianAmerican,Kotch,
1971,Actor in a Leading Role,George C. Scott,caucasianAmerican,The Hospital,
1972,Actor in a Leading Role,Marlon Brando,caucasianAmerican,The Godfather,
1973,Actor in a Leading Role,Jack Lemmon,caucasianAmerican,Save the Tiger,
1973,Actor in a Leading Role,Marlon Brando,caucasianAmerican,Last Tango in Paris,
1973,Actor in a Leading Role,Jack Nicholson,caucasianAmerican,The Last Detail,
1973,Actor in a Leading Role,Al Pacino,caucasianAmerican,Serpico,
1973,Actor in a Leading Role,Robert Redford,caucasianAmerican,The Sting,
1974,Actor in a Leading Role,Art Carney,caucasianAmerican,Harry and Tonto,
1974,Actor in a Leading Role,Dustin Hoffman,caucasianAmerican,Lenny,
1974,Actor in a Leading Role,Jack Nicholson,caucasianAmerican,Chinatown,
1974,Actor in a Leading Role,Al Pacino,caucasianAmerican,The Godfather Part II,
1975,Actor in a Leading Role,Jack Nicholson,caucasianAmerican,One Flew Over the Cuckoo's Nest,
1975,Actor in a Leading Role,Walter Matthau,caucasianAmerican,The Sunshine Boys,
1975,Actor in a Leading Role,Al Pacino,caucasianAmerican,Dog Day Afternoon,
1975,Actor in a Leading Role,James Whitmore,caucasianAmerican,"Give 'em Hell, Harry!",
1976,Actor in a Leading Role,William Holden,caucasianAmerican,Network,
1976,Actor in a Leading Role,Sylvester Stallone,caucasianAmerican,Rocky,
1977,Actor in a Leading Role,Richard Dreyfuss,caucasianAmerican,The Goodbye Girl,
1977,Actor in a Leading Role,Woody Allen,caucasianAmerican,Annie Hall,
1977,Actor in a Leading Role,John Travolta,caucasianAmerican,Saturday Night Fever,
1978,Actor in a Leading Role,Jon Voight,caucasianAmerican,Coming Home,
1978,Actor in a Leading Role,Warren Beatty,caucasianAmerican,Heaven Can Wait,
1978,Actor in a Leading Role,Gary Busey,caucasianAmerican,The Buddy Holly Story,
1979,Actor in a Leading Role,Dustin Hoffman,caucasianAmerican,Kramer vs. Kramer,
1979,Actor in a Leading Role,Jack Lemmon,caucasianAmerican,The China Syndrome,
1979,Actor in a Leading Role,Al Pacino,caucasianAmerican,...And Justice for All,
1979,Actor in a Leading Role,Roy Scheider,caucasianAmerican,All That Jazz,
1980,Actor in a Leading Role,Robert Duvall,caucasianAmerican,The Great Santini,
1980,Actor in a Leading Role,Jack Lemmon,caucasianAmerican,Tribute,
1981,Actor in a Leading Role,Henry Fonda,caucasianAmerican,On Golden Pond,
1981,Actor in a Leading Role,Warren Beatty,caucasianAmerican,Reds,
1981,Actor in a Leading Role,Burt Lancaster,caucasianAmerican,Atlantic City,
1981,Actor in a Leading Role,Paul Newman,caucasianAmerican,Absence of Malice,
1982,Actor in a Leading Role,Dustin Hoffman,caucasianAmerican,Tootsie,
1982,Actor in a Leading Role,Jack Lemmon,caucasianAmerican,Missing,
1982,Actor in a Leading Role,Paul Newman,caucasianAmerican,The Verdict,
1983,Actor in a Leading Role,Robert Duvall,caucasianAmerican,Tender Mercies,
1984,Actor in a Leading Role,F. Murray Abraham,caucasianAmerican,Amadeus,
1984,Actor in a Leading Role,Jeff Bridges,caucasianAmerican,Starman,
1984,Actor in a Leading Role,Tom Hulce,caucasianAmerican,Amadeus,
1984,Actor in a Leading Role,Sam Waterston,caucasianAmerican,The Killing Fields,
1985,Actor in a Leading Role,William Hurt,caucasianAmerican,Kiss of the Spider Woman,
1985,Actor in a Leading Role,Harrison Ford,caucasianAmerican,Witness,
1985,Actor in a Leading Role,James Garner,caucasianAmerican,Murphy's Romance,
1985,Actor in a Leading Role,Jack Nicholson,caucasianAmerican,Prizzi's Honor,
1985,Actor in a Leading Role,Jon Voight,caucasianAmerican,Runaway Train,
1986,Actor in a Leading Role,Paul Newman,caucasianAmerican,The Color of Money,
1986,Actor in a Leading Role,William Hurt,caucasianAmerican,Children of a Lesser God,
1986,Actor in a Leading Role,James Woods,caucasianAmerican,Salvador,
1987,Actor in a Leading Role,Michael Douglas,caucasianAmerican,Wall Street,
1987,Actor in a Leading Role,William Hurt,caucasianAmerican,Broadcast News,
1987,Actor in a Leading Role,Jack Nicholson,caucasianAmerican,Ironweed,
1987,Actor in a Leading Role,Robin Williams,caucasianAmerican,"Good Morning, Vietnam",
1988,Actor in a Leading Role,Dustin Hoffman,caucasianAmerican,Rain Man,
1988,Actor in a Leading Role,Gene Hackman,caucasianAmerican,Mississippi Burning,
1988,Actor in a Leading Role,Tom Hanks,caucasianAmerican,Big,
1989,Actor in a Leading Role,Tom Cruise,caucasianAmerican,Born on the Fourth of July,
1989,Actor in a Leading Role,Robin Williams,caucasianAmerican,Dead Poets Society,
1990,Actor in a Leading Role,Kevin Costner,caucasianAmerican,Dances with Wolves,
1991,Actor in a Leading Role,Warren Beatty,caucasianAmerican,Bugsy,
1991,Actor in a Leading Role,Nick Nolte,caucasianAmerican,The Prince of Tides,
1991,Actor in a Leading Role,Robin Williams,caucasianAmerican,The Fisher King,
1992,Actor in a Leading Role,Al Pacino,caucasianAmerican,Scent of a Woman,
1992,Actor in a Leading Role,Robert Downey Jr.,caucasianAmerican,Chaplin,
1992,Actor in a Leading Role,Clint Eastwood,caucasianAmerican,Unforgiven,
1993,Actor in a Leading Role,Tom Hanks,caucasianAmerican,Philadelphia,
1994,Actor in a Leading Role,Tom Hanks,caucasianAmerican,Forrest Gump,
1994,Actor in a Leading Role,Paul Newman,caucasianAmerican,Nobody's Fool,
1994,Actor in a Leading Role,John Travolta,caucasianAmerican,Pulp Fiction,
1995,Actor in a Leading Role,Nicolas Cage,caucasianAmerican,Leaving Las Vegas,
1995,Actor in a Leading Role,Richard Dreyfuss,caucasianAmerican,Mr. Holland's Opus,
1995,Actor in a Leading Role,Sean Penn,caucasianAmerican,Dead Man Walking,
1996,Actor in a Leading Role,Tom Cruise,caucasianAmerican,Jerry Maguire,
1996,Actor in a Leading Role,Woody Harrelson,caucasianAmerican,The People vs. Larry Flynt,
1996,Actor in a Leading Role,Billy Bob Thornton,caucasianAmerican,Sling Blade,
1997,Actor in a Leading Role,Jack Nicholson,caucasianAmerican,As Good as It Gets,
1997,Actor in a Leading Role,Matt Damon,caucasianAmerican,Good Will Hunting,
1997,Actor in a Leading Role,Robert Duvall,caucasianAmerican,The Apostle,
1997,Actor in a Leading Role,Peter Fonda,caucasianAmerican,Ulee's Gold,
1997,Actor in a Leading Role,Dustin Hoffman,caucasianAmerican,Wag the Dog,
1998,Actor in a Leading Role,Tom Hanks,caucasianAmerican,Saving Private Ryan,
1998,Actor in a Leading Role,Nick Nolte,caucasianAmerican,Affliction,
1998,Actor in a Leading Role,Edward Norton,caucasianAmerican,American History X,
1999,Actor in a Leading Role,Kevin Spacey,caucasianAmerican,American Beauty,
1999,Actor in a Leading Role,Richard Farnsworth,caucasianAmerican,The Straight Story,
1999,Actor in a Leading Role,Sean Penn,caucasianAmerican,Sweet and Lowdown,
2000,Actor in a Leading Role,Tom Hanks,caucasianAmerican,Cast Away,
2000,Actor in a Leading Role,Ed Harris,caucasianAmerican,Pollock,
2001,Actor in a Leading Role,Sean Penn,caucasianAmerican,I Am Sam,
2002,Actor in a Leading Role,Adrien Brody,caucasianAmerican,The Pianist,
2002,Actor in a Leading Role,Nicolas Cage,caucasianAmerican,Adaptation,
2002,Actor in a Leading Role,Jack Nicholson,caucasianAmerican,About Schmidt,
2003,Actor in a Leading Role,Sean Penn,caucasianAmerican,Mystic River,
2003,Actor in a Leading Role,Johnny Depp,caucasianAmerican,Pirates of the Caribbean: The Curse of the Black Pearl,
2003,Actor in a Leading Role,Bill Murray,caucasianAmerican,Lost in Translation,
2004,Actor in a Leading Role,Johnny Depp,caucasianAmerican,Finding Neverland,
2004,Actor in a Leading Role,Leonardo DiCaprio,caucasianAmerican,The Aviator,
2004,Actor in a Leading Role,Clint Eastwood,caucasianAmerican,Million Dollar Baby,
2005,Actor in a Leading Role,Philip Seymour Hoffman,caucasianAmerican,Capote,
2005,Actor in a Leading Role,David Strathairn,caucasianAmerican,"Good Night, and Good Luck",
2006,Actor in a Leading Role,Leonardo DiCaprio,caucasianAmerican,Blood Diamond,
2006,Actor in a Leading Role,Ryan Gosling,caucasianAmerican,Half Nelson,
2007,Actor in a Leading Role,George Clooney,caucasianAmerican,Michael Clayton,
2007,Actor in a Leading Role,Johnny Depp,caucasianAmerican,Sweeney Todd,
2007,Actor in a Leading Role,Tommy Lee Jones,caucasianAmerican,In the Valley of Elah,
2007,Actor in a Leading Role,Viggo Mortensen,caucasianAmerican,Eastern Promises,
2008,Actor in a Leading Role,Sean Penn,caucasianAmerican,Milk,
2008,Actor in a Leading Role,Richard Jenkins,caucasianAmerican,The Visitor,
2008,Actor in a Leading Role,Frank Langella,caucasianAmerican,Frost/Nixon,
2008,Actor in a Leading Role,Brad Pitt,caucasianAmerican,The Curious Case of Benjamin Button,
2008,Actor in a Leading Role,Mickey Rourke,caucasianAmerican,The Wrestler,
2009,Actor in a Leading Role,Jeff Bridges,caucasianAmerican,Crazy Heart,
2009,Actor in a Leading Role,George Clooney,caucasianAmerican,Up in the Air,
2009,Actor in a Leading Role,Jeremy Renner,caucasianAmerican,The Hurt Locker,
2010,Actor in a Leading Role,Jeff Bridges,caucasianAmerican,True Grit,
2010,Actor in a Leading Role,Jesse Eisenberg,caucasianAmerican,The Social Network,
2010,Actor in a Leading Role,James Franco,caucasianAmerican,127 Hours,
2011,Actor in a Leading Role,George Clooney,caucasianAmerican,The Descendants,
2011,Actor in a Leading Role,Brad Pitt,caucasianAmerican,Moneyball,
2012,Actor in a Leading Role,Bradley Cooper,caucasianAmerican,Silver Linings Playbook,
2013,Actor in a Leading Role,Matthew McConaughey,caucasianAmerican,Dallas Buyers Club,
2013,Actor in a Leading Role,Bruce Dern,caucasianAmerican,Nebraska,
2013,Actor in a Leading Role,Leonardo DiCaprio,caucasianAmerican,The Wolf of Wall Street,
2014,Actor in a Leading Role,Steve Carell,caucasianAmerican,Foxcatcher,
2014,Actor in a Leading Role,Bradley Cooper,caucasianAmerican,American Sniper,
2014,Actor in a Leading Role,Michael Keaton,caucasianAmerican,Birdman,
2015,Actor in a Leading Role,Leonardo DiCaprio,caucasianAmerican,The Revenant,
2015,Actor in a Leading Role,Bryan Cranston,caucasianAmerican,Trumbo,
2015,Actor in a Leading Role,Matt Damon,caucasianAmerican,The Martian,
2016,Actor in a Leading Role,Casey Affleck,caucasianAmerican,Manchester by the Sea,
2016,Actor in a Leading Role,Ryan Gosling,caucasianAmerican,La La Land,
2016,Actor in a Leading Role,Viggo Mortensen,caucasianAmerican,Captain Fantastic,
2018,Actor in a Leading Role,Bradley Cooper,caucasianAmerican,A Star Is Born,
2018,Actor in a Leading Role,Willem Dafoe,caucasianAmerican,At Eternity's Gate,
2018,Actor in a Leading Role,Viggo Mortensen,caucasianAmerican,Green Book,
1928,Actress in a Leading Role,Janet Gaynor,caucasianAmerican,7th Heaven Street Angel Sunrise: A Song of Two Humans,
1928,Actress in a Leading Role,Louise Dresser,caucasianAmerican,A Ship Comes In,
1929,Actress in a Leading Role,Mary Pickford,caucasianAmerican,Coquette,
1929,Actress in a Leading Role,Ruth Chatterton,caucasianAmerican,Madame X,
1929,Actress in a Leading Role,Betty Compson,caucasianAmerican,The Barker,
1929,Actress in a Leading Role,Jeanne Eagels,caucasianAmerican,The Letter,
1929,Actress in a Leading Role,Corinne Griffith,caucasianAmerican,The Divine Lady,
1929,Actress in a Leading Role,Bessie Love,caucasianAmerican,The Broadway Melody,
1930,Actress in a Leading Role,Nancy Carroll,caucasianAmerican,The Devil's Holiday,
1930,Actress in a Leading Role,Ruth Chatterton,caucasianAmerican,Sarah and Son,
1930,Actress in a Leading Role,Gloria Swanson,caucasianAmerican,The Trespasser,
1931,Actress in a Leading Role,Irene Dunne,caucasianAmerican,Cimarron,
1931,Actress in a Leading Role,Ann Harding,caucasianAmerican,Holiday,
1932,Actress in a Leading Role,Helen Hayes,caucasianAmerican,The Sin of Madelon Claudet,
1933,Actress in a Leading Role,Katharine Hepburn,caucasianAmerican,Morning Glory,
1934,Actress in a Leading Role,Claudette Colbert,caucasianAmerican,It Happened One Night,
1934,Actress in a Leading Role,Grace Moore,caucasianAmerican,One Night of Love,
1934,Actress in a Leading Role,Bette Davis,caucasianAmerican,Of Human Bondage,
1935,Actress in a Leading Role,Bette Davis,caucasianAmerican,Dangerous,
1935,Actress in a Leading Role,Claudette Colbert,caucasianAmerican,Private Worlds,
1935,Actress in a Leading Role,Katharine Hepburn,caucasianAmerican,Alice Adams,
1935,Actress in a Leading Role,Miriam Hopkins,caucasianAmerican,Becky Sharp,
1936,Actress in a Leading Role,Irene Dunne,caucasianAmerican,Theodora Goes Wild,
1936,Actress in a Leading Role,Gladys George,caucasianAmerican,Valiant Is the Word for Carrie,
1936,Actress in a Leading Role,Carole Lombard,caucasianAmerican,My Man Godfrey,
1937,Actress in a Leading Role,Irene Dunne,caucasianAmerican,The Awful Truth,
1937,Actress in a Leading Role,Janet Gaynor,caucasianAmerican,A Star Is Born,
1937,Actress in a Leading Role,Barbara Stanwyck,caucasianAmerican,Stella Dallas,
1938,Actress in a Leading Role,Bette Davis,caucasianAmerican,Jezebel,
1938,Actress in a Leading Role,Fay Bainter,caucasianAmerican,White Banners,
1938,Actress in a Leading Role,Margaret Sullavan,caucasianAmerican,Three Comrades,
1939,Actress in a Leading Role,Bette Davis,caucasianAmerican,Dark Victory,
1939,Actress in a Leading Role,Irene Dunne,caucasianAmerican,Love Affair,
1940,Actress in a Leading Role,Ginger Rogers,caucasianAmerican,Kitty Foyle,
1940,Actress in a Leading Role,Bette Davis,caucasianAmerican,The Letter,
1940,Actress in a Leading Role,Joan Fontaine,caucasianAmerican,Rebecca,
1940,Actress in a Leading Role,Katharine Hepburn,caucasianAmerican,The Philadelphia Story,
1940,Actress in a Leading Role,Martha Scott,caucasianAmerican,Our Town,
1941,Actress in a Leading Role,Joan Fontaine,caucasianAmerican,Suspicion,
1941,Actress in a Leading Role,Bette Davis,caucasianAmerican,The Little Foxes,
1941,Actress in a Leading Role,Barbara Stanwyck,caucasianAmerican,Ball of Fire,
1942,Actress in a Leading Role,Bette Davis,caucasianAmerican,"Now, Voyager",
1942,Actress in a Leading Role,Katharine Hepburn,caucasianAmerican,Woman of the Year,
1942,Actress in a Leading Role,Rosalind Russell,caucasianAmerican,My Sister Eileen,
1942,Actress in a Leading Role,Teresa Wright,caucasianAmerican,The Pride of the Yankees,
1943,Actress in a Leading Role,Jennifer Jones,caucasianAmerican,The Song of Bernadette,
1943,Actress in a Leading Role,Jean Arthur,caucasianAmerican,The More the Merrier,
1943,Actress in a Leading Role,Joan Fontaine,caucasianAmerican,The Constant Nymph,
1944,Actress in a Leading Role,Claudette Colbert,caucasianAmerican,Since You Went Away,
1944,Actress in a Leading Role,Bette Davis,caucasianAmerican,Mr. Skeffington,
1944,Actress in a Leading Role,Barbara Stanwyck,caucasianAmerican,Double Indemnity,
1945,Actress in a Leading Role,Joan Crawford,caucasianAmerican,Mildred Pierce,
1945,Actress in a Leading Role,Jennifer Jones,caucasianAmerican,Love Letters,
1945,Actress in a Leading Role,Gene Tierney,caucasianAmerican,Leave Her to Heaven,
1946,Actress in a Leading Role,Jennifer Jones,caucasianAmerican,Duel in the Sun,
1946,Actress in a Leading Role,Rosalind Russell,caucasianAmerican,Sister Kenny,
1946,Actress in a Leading Role,Jane Wyman,caucasianAmerican,The Yearling,
1947,Actress in a Leading Role,Loretta Young,caucasianAmerican,The Farmer's Daughter,
1947,Actress in a Leading Role,Joan Crawford,caucasianAmerican,Possessed,
1947,Actress in a Leading Role,Susan Hayward,caucasianAmerican,"Smash-Up, the Story of a Woman",
1947,Actress in a Leading Role,Dorothy McGuire,caucasianAmerican,Gentleman's Agreement,
1947,Actress in a Leading Role,Rosalind Russell,caucasianAmerican,Mourning Becomes Electra,
1948,Actress in a Leading Role,Jane Wyman,caucasianAmerican,Johnny Belinda,
1948,Actress in a Leading Role,Irene Dunne,caucasianAmerican,I Remember Mama,
1948,Actress in a Leading Role,Barbara Stanwyck,caucasianAmerican,"Sorry, Wrong Number",
1949,Actress in a Leading Role,Jeanne Crain,caucasianAmerican,Pinky,
1949,Actress in a Leading Role,Susan Hayward,caucasianAmerican,My Foolish Heart,
1949,Actress in a Leading Role,Loretta Young,caucasianAmerican,Come to the Stable,
1950,Actress in a Leading Role,Judy Holliday,caucasianAmerican,Born Yesterday,
1950,Actress in a Leading Role,Anne Baxter,caucasianAmerican,All About Eve,
1950,Actress in a Leading Role,Bette Davis,caucasianAmerican,All About Eve,
1950,Actress in a Leading Role,Eleanor Parker,caucasianAmerican,Caged,
1950,Actress in a Leading Role,Gloria Swanson,caucasianAmerican,Sunset Boulevard,
1951,Actress in a Leading Role,Katharine Hepburn,caucasianAmerican,The African Queen,
1951,Actress in a Leading Role,Eleanor Parker,caucasianAmerican,Detective Story,
1951,Actress in a Leading Role,Shelley Winters,caucasianAmerican,A Place in the Sun,
1951,Actress in a Leading Role,Jane Wyman,caucasianAmerican,The Blue Veil,
1952,Actress in a Leading Role,Shirley Booth,caucasianAmerican,"Come Back, Little Sheba",
1952,Actress in a Leading Role,Joan Crawford,caucasianAmerican,Sudden Fear,
1952,Actress in a Leading Role,Bette Davis,caucasianAmerican,The Star,
1952,Actress in a Leading Role,Julie Harris,caucasianAmerican,The Member of the Wedding,
1952,Actress in a Leading Role,Susan Hayward,caucasianAmerican,With a Song in My Heart,
1953,Actress in a Leading Role,Ava Gardner,caucasianAmerican,Mogambo,
1953,Actress in a Leading Role,Maggie McNamara,caucasianAmerican,The Moon Is Blue,
1954,Actress in a Leading Role,Grace Kelly,caucasianAmerican,The Country Girl,
1954,Actress in a Leading Role,Judy Garland,caucasianAmerican,A Star Is Born,
1954,Actress in a Leading Role,Jane Wyman,caucasianAmerican,Magnificent Obsession,
1955,Actress in a Leading Role,Susan Hayward,caucasianAmerican,I'll Cry Tomorrow,
1955,Actress in a Leading Role,Katharine Hepburn,caucasianAmerican,Summertime,
1955,Actress in a Leading Role,Jennifer Jones,caucasianAmerican,Love is a Many-Splendored Thing,
1955,Actress in a Leading Role,Eleanor Parker,caucasianAmerican,Interrupted Melody,
1956,Actress in a Leading Role,Carroll Baker,caucasianAmerican,Baby Doll,
1956,Actress in a Leading Role,Katharine Hepburn,caucasianAmerican,The Rainmaker,
1956,Actress in a Leading Role,Nancy Kelly,caucasianAmerican,The Bad Seed,
1957,Actress in a Leading Role,Joanne Woodward,caucasianAmerican,The Three Faces of Eve,
1957,Actress in a Leading Role,Lana Turner,caucasianAmerican,Peyton Place,
1958,Actress in a Leading Role,Susan Hayward,caucasianAmerican,I Want to Live!,
1958,Actress in a Leading Role,Shirley MacLaine,caucasianAmerican,Some Came Running,
1958,Actress in a Leading Role,Rosalind Russell,caucasianAmerican,Auntie Mame,
1959,Actress in a Leading Role,Doris Day,caucasianAmerican,Pillow Talk,
1959,Actress in a Leading Role,Katharine Hepburn,caucasianAmerican,"Suddenly, Last Summer",
1960,Actress in a Leading Role,Shirley MacLaine,caucasianAmerican,The Apartment,
1961,Actress in a Leading Role,Piper Laurie,caucasianAmerican,The Hustler,
1961,Actress in a Leading Role,Geraldine Page,caucasianAmerican,Summer and Smoke,
1961,Actress in a Leading Role,Natalie Wood,caucasianAmerican,Splendor in the Grass,
1962,Actress in a Leading Role,Anne Bancroft,caucasianAmerican,The Miracle Worker,
1962,Actress in a Leading Role,Bette Davis,caucasianAmerican,What Ever Happened to Baby Jane?,
1962,Actress in a Leading Role,Katharine Hepburn,caucasianAmerican,Long Day's Journey into Night,
1962,Actress in a Leading Role,Geraldine Page,caucasianAmerican,Sweet Bird of Youth,
1962,Actress in a Leading Role,Lee Remick,caucasianAmerican,Days of Wine and Roses,
1963,Actress in a Leading Role,Patricia Neal,caucasianAmerican,Hud,
1963,Actress in a Leading Role,Shirley MacLaine,caucasianAmerican,Irma la Douce,
1963,Actress in a Leading Role,Natalie Wood,caucasianAmerican,Love with the Proper Stranger,
1964,Actress in a Leading Role,Anne Bancroft,caucasianAmerican,The Pumpkin Eater,
1964,Actress in a Leading Role,Debbie Reynolds,caucasianAmerican,The Unsinkable Molly Brown,
1964,Actress in a Leading Role,Kim Stanley,caucasianAmerican,Séance on a Wet Afternoon,
1965,Actress in a Leading Role,Elizabeth Hartman,caucasianAmerican,A Patch of Blue,
1967,Actress in a Leading Role,Katharine Hepburn,caucasianAmerican,Guess Who's Coming to Dinner,
1967,Actress in a Leading Role,Anne Bancroft,caucasianAmerican,The Graduate,
1967,Actress in a Leading Role,Faye Dunaway,caucasianAmerican,Bonnie and Clyde,
1968,Actress in a Leading Role,Katharine Hepburn,caucasianAmerican,The Lion in Winter,
1968,Actress in a Leading Role,Barbra Streisand,caucasianAmerican,Funny Girl,
1968,Actress in a Leading Role,Patricia Neal,caucasianAmerican,The Subject was Roses,
1968,Actress in a Leading Role,Joanne Woodward,caucasianAmerican,"Rachel, Rachel",
1969,Actress in a Leading Role,Jane Fonda,caucasianAmerican,"They Shoot Horses, Don't They?",
1969,Actress in a Leading Role,Liza Minnelli,caucasianAmerican,The Sterile Cuckoo,
1970,Actress in a Leading Role,Jane Alexander,caucasianAmerican,The Great White Hope,
1970,Actress in a Leading Role,Ali MacGraw,caucasianAmerican,Love Story,
1970,Actress in a Leading Role,Carrie Snodgress,caucasianAmerican,Diary of a Mad Housewife,
1971,Actress in a Leading Role,Jane Fonda,caucasianAmerican,Klute,
1972,Actress in a Leading Role,Liza Minnelli,caucasianAmerican,Cabaret,
1973,Actress in a Leading Role,Ellen Burstyn,caucasianAmerican,The Exorcist,
1973,Actress in a Leading Role,Marsha Mason,caucasianAmerican,Cinderella Liberty,
1973,Actress in a Leading Role,Barbra Streisand,caucasianAmerican,The Way We Were,
1973,Actress in a Leading Role,Joanne Woodward,caucasianAmerican,"Summer Wishes, Winter Dreams",
1974,Actress in a Leading Role,Ellen Burstyn,caucasianAmerican,Alice Doesn't Live Here Anymore,
1974,Actress in a Leading Role,Faye Dunaway,caucasianAmerican,Chinatown,
1974,Actress in a Leading Role,Valerie Perrine,caucasianAmerican,Lenny,
1974,Actress in a Leading Role,Gena Rowlands,caucasianAmerican,A Woman Under the Influence,
1975,Actress in a Leading Role,Louise Fletcher,caucasianAmerican,One Flew Over the Cuckoo's Nest,
1975,Actress in a Leading Role,Carol Kane,caucasianAmerican,Hester Street,
1976,Actress in a Leading Role,Faye Dunaway,caucasianAmerican,Network,
1976,Actress in a Leading Role,Talia Shire,caucasianAmerican,Rocky,
1976,Actress in a Leading Role,Sissy Spacek,caucasianAmerican,Carrie,
1977,Actress in a Leading Role,Diane Keaton,caucasianAmerican,Annie Hall,
1977,Actress in a Leading Role,Anne Bancroft,caucasianAmerican,The Turning Point,
1977,Actress in a Leading Role,Jane Fonda,caucasianAmerican,Julia,
1977,Actress in a Leading Role,Shirley MacLaine,caucasianAmerican,The Turning Point,
1977,Actress in a Leading Role,Marsha Mason,caucasianAmerican,The Goodbye Girl,
1978,Actress in a Leading Role,Jane Fonda,caucasianAmerican,Coming Home,
1978,Actress in a Leading Role,Ellen Burstyn,caucasianAmerican,"Same Time, Next Year",
1978,Actress in a Leading Role,Jill Clayburgh,caucasianAmerican,An Unmarried Woman,
1978,Actress in a Leading Role,Geraldine Page,caucasianAmerican,Interiors,
1979,Actress in a Leading Role,Sally Field,caucasianAmerican,Norma Rae,
1979,Actress in a Leading Role,Jill Clayburgh,caucasianAmerican,Starting Over,
1979,Actress in a Leading Role,Jane Fonda,caucasianAmerican,The China Syndrome,
1979,Actress in a Leading Role,Marsha Mason,caucasianAmerican,Chapter Two,
1979,Actress in a Leading Role,Bette Midler,caucasianAmerican,The Rose,
1980,Actress in a Leading Role,Sissy Spacek,caucasianAmerican,Coal Miner's Daughter,
1980,Actress in a Leading Role,Ellen Burstyn,caucasianAmerican,Resurrection,
1980,Actress in a Leading Role,Goldie Hawn,caucasianAmerican,Private Benjamin,
1980,Actress in a Leading Role,Mary Tyler Moore,caucasianAmerican,Ordinary People,
1980,Actress in a Leading Role,Gena Rowlands,caucasianAmerican,Gloria,
1981,Actress in a Leading Role,Katharine Hepburn,caucasianAmerican,On Golden Pond,
1981,Actress in a Leading Role,Diane Keaton,caucasianAmerican,Reds,
1981,Actress in a Leading Role,Marsha Mason,caucasianAmerican,Only When I Laugh,
1981,Actress in a Leading Role,Susan Sarandon,caucasianAmerican,Atlantic City,
1981,Actress in a Leading Role,Meryl Streep,caucasianAmerican,The French Lieutenant's Woman,
1982,Actress in a Leading Role,Meryl Streep,caucasianAmerican,Sophie's Choice,
1982,Actress in a Leading Role,Jessica Lange,caucasianAmerican,Frances,
1982,Actress in a Leading Role,Sissy Spacek,caucasianAmerican,Missing,
1982,Actress in a Leading Role,Debra Winger,caucasianAmerican,An Officer and a Gentleman,
1983,Actress in a Leading Role,Shirley MacLaine,caucasianAmerican,Terms of Endearment,
1983,Actress in a Leading Role,Jane Alexander,caucasianAmerican,Testament,
1983,Actress in a Leading Role,Meryl Streep,caucasianAmerican,Silkwood,
1983,Actress in a Leading Role,Debra Winger,caucasianAmerican,Terms of Endearment,
1984,Actress in a Leading Role,Sally Field,caucasianAmerican,Places in the Heart,
1984,Actress in a Leading Role,Jessica Lange,caucasianAmerican,Country,
1984,Actress in a Leading Role,Sissy Spacek,caucasianAmerican,The River,
1985,Actress in a Leading Role,Geraldine Page,caucasianAmerican,The Trip to Bountiful,
1985,Actress in a Leading Role,Anne Bancroft,caucasianAmerican,Agnes of God,
1985,Actress in a Leading Role,Jessica Lange,caucasianAmerican,Sweet Dreams,
1985,Actress in a Leading Role,Meryl Streep,caucasianAmerican,Out of Africa,
1986,Actress in a Leading Role,Marlee Matlin,caucasianAmerican,Children of a Lesser God,
1986,Actress in a Leading Role,Jane Fonda,caucasianAmerican,The Morning After,
1986,Actress in a Leading Role,Sissy Spacek,caucasianAmerican,Crimes of the Heart,
1986,Actress in a Leading Role,Kathleen Turner,caucasianAmerican,Peggy Sue Got Married,
1986,Actress in a Leading Role,Sigourney Weaver,caucasianAmerican,Aliens,
1987,Actress in a Leading Role,Cher,caucasianAmerican,Moonstruck,
1987,Actress in a Leading Role,Glenn Close,caucasianAmerican,Fatal Attraction,
1987,Actress in a Leading Role,Holly Hunter,caucasianAmerican,Broadcast News,
1987,Actress in a Leading Role,Sally Kirkland,caucasianAmerican,Anna,
1987,Actress in a Leading Role,Meryl Streep,caucasianAmerican,Ironweed,
1988,Actress in a Leading Role,Jodie Foster,caucasianAmerican,The Accused,
1988,Actress in a Leading Role,Glenn Close,caucasianAmerican,Dangerous Liaisons,
1988,Actress in a Leading Role,Melanie Griffith,caucasianAmerican,Working Girl,
1988,Actress in a Leading Role,Meryl Streep,caucasianAmerican,A Cry in the Dark,
1988,Actress in a Leading Role,Sigourney Weaver,caucasianAmerican,Gorillas in the Mist,
1989,Actress in a Leading Role,Jessica Lange,caucasianAmerican,Music Box,
1989,Actress in a Leading Role,Michelle Pfeiffer,caucasianAmerican,The Fabulous Baker Boys,
1990,Actress in a Leading Role,Kathy Bates,caucasianAmerican,Misery,
1990,Actress in a Leading Role,Anjelica Huston,caucasianAmerican,The Grifters,
1990,Actress in a Leading Role,Julia Roberts,caucasianAmerican,Pretty Woman,
1990,Actress in a Leading Role,Meryl Streep,caucasianAmerican,Postcards from the Edge,
1990,Actress in a Leading Role,Joanne Woodward,caucasianAmerican,Mr. & Mrs. Bridge,
1991,Actress in a Leading Role,Jodie Foster,caucasianAmerican,The Silence of the Lambs,
1991,Actress in a Leading Role,Geena Davis,caucasianAmerican,Thelma & Louise,
1991,Actress in a Leading Role,Laura Dern,caucasianAmerican,Rambling Rose,
1991,Actress in a Leading Role,Bette Midler,caucasianAmerican,For the Boys,
1991,Actress in a Leading Role,Susan Sarandon,caucasianAmerican,Thelma & Louise,
1992,Actress in a Leading Role,Mary McDonnell,caucasianAmerican,Passion Fish,
1992,Actress in a Leading Role,Michelle Pfeiffer,caucasianAmerican,Love Field,
1992,Actress in a Leading Role,Susan Sarandon,caucasianAmerican,Lorenzo's Oil,
1993,Actress in a Leading Role,Holly Hunter,caucasianAmerican,The Piano,
1993,Actress in a Leading Role,Stockard Channing,caucasianAmerican,Six Degrees of Separation,
1993,Actress in a Leading Role,Debra Winger,caucasianAmerican,Shadowlands,
1994,Actress in a Leading Role,Jessica Lange,caucasianAmerican,Blue Sky,
1994,Actress in a Leading Role,Jodie Foster,caucasianAmerican,Nell,
1994,Actress in a Leading Role,Winona Ryder,caucasianAmerican,Little Women,
1994,Actress in a Leading Role,Susan Sarandon,caucasianAmerican,The Client,
1995,Actress in a Leading Role,Susan Sarandon,caucasianAmerican,Dead Man Walking,
1995,Actress in a Leading Role,Elisabeth Shue,caucasianAmerican,Leaving Las Vegas,
1995,Actress in a Leading Role,Sharon Stone,caucasianAmerican,Casino,
1995,Actress in a Leading Role,Meryl Streep,caucasianAmerican,The Bridges of Madison County,
1996,Actress in a Leading Role,Frances McDormand,caucasianAmerican,Fargo,
1996,Actress in a Leading Role,Diane Keaton,caucasianAmerican,Marvin's Room,
1997,Actress in a Leading Role,Helen Hunt,caucasianAmerican,As Good as It Gets,
1998,Actress in a Leading Role,Gwyneth Paltrow,caucasianAmerican,Shakespeare in Love,
1998,Actress in a Leading Role,Meryl Streep,caucasianAmerican,One True Thing,
1999,Actress in a Leading Role,Annette Bening,caucasianAmerican,American Beauty,
1999,Actress in a Leading Role,Julianne Moore,caucasianAmerican,The End of the Affair,
1999,Actress in a Leading Role,Meryl Streep,caucasianAmerican,Music of the Heart,
2000,Actress in a Leading Role,Julia Roberts,caucasianAmerican,Erin Brockovich,
2000,Actress in a Leading Role,Joan Allen,caucasianAmerican,The Contender,
2000,Actress in a Leading Role,Ellen Burstyn,caucasianAmerican,Requiem for a Dream,
2000,Actress in a Leading Role,Laura Linney,caucasianAmerican,You Can Count On Me,
2001,Actress in a Leading Role,Sissy Spacek,caucasianAmerican,In the Bedroom,
2001,Actress in a Leading Role,Renée Zellweger,caucasianAmerican,Bridget Jones's Diary,
2002,Actress in a Leading Role,Diane Lane,caucasianAmerican,Unfaithful,
2002,Actress in a Leading Role,Julianne Moore,caucasianAmerican,Far from Heaven,
2002,Actress in a Leading Role,Renée Zellweger,caucasianAmerican,Chicago,
2003,Actress in a Leading Role,Diane Keaton,caucasianAmerican,Something's Gotta Give,
2004,Actress in a Leading Role,Annette Bening,caucasianAmerican,Being Julia,
2005,Actress in a Leading Role,Reese Witherspoon,caucasianAmerican,Walk the Line,
2005,Actress in a Leading Role,Felicity Huffman,caucasianAmerican,Transamerica,
2006,Actress in a Leading Role,Meryl Streep,caucasianAmerican,The Devil Wears Prada,
2007,Actress in a Leading Role,Laura Linney,caucasianAmerican,The Savages,
2008,Actress in a Leading Role,Anne Hathaway,caucasianAmerican,Rachel Getting Married,
2008,Actress in a Leading Role,Angelina Jolie,caucasianAmerican,Changeling,
2008,Actress in a Leading Role,Melissa Leo,caucasianAmerican,Frozen River,
2008,Actress in a Leading Role,Meryl Streep,caucasianAmerican,Doubt,
2009,Actress in a Leading Role,Sandra Bullock,caucasianAmerican,The Blind Side,
2009,Actress in a Leading Role,Meryl Streep,caucasianAmerican,Julie & Julia,
2010,Actress in a Leading Role,Natalie Portman,caucasianAmerican,Black Swan,
2010,Actress in a Leading Role,Annette Bening,caucasianAmerican,The Kids Are All Right,
2010,Actress in a Leading Role,Jennifer Lawrence,caucasianAmerican,Winter's Bone,
2010,Actress in a Leading Role,Michelle Williams,caucasianAmerican,Blue Valentine,
2011,Actress in a Leading Role,Meryl Streep,caucasianAmerican,The Iron Lady,
2011,Actress in a Leading Role,Glenn Close,caucasianAmerican,Albert Nobbs,
2011,Actress in a Leading Role,Rooney Mara,caucasianAmerican,The Girl with the Dragon Tattoo,
2011,Actress in a Leading Role,Michelle Williams,caucasianAmerican,My Week with Marilyn,
2012,Actress in a Leading Role,Jennifer Lawrence,caucasianAmerican,Silver Linings Playbook,
2012,Actress in a Leading Role,Jessica Chastain,caucasianAmerican,Zero Dark Thirty,
2013,Actress in a Leading Role,Amy Adams,caucasianAmerican,American Hustle,
2013,Actress in a Leading Role,Sandra Bullock,caucasianAmerican,Gravity,
2013,Actress in a Leading Role,Meryl Streep,caucasianAmerican,August: Osage County,
2014,Actress in a Leading Role,Julianne Moore,caucasianAmerican,Still Alice,
2014,Actress in a Leading Role,Reese Witherspoon,caucasianAmerican,Wild,
2015,Actress in a Leading Role,Brie Larson,caucasianAmerican,Room,
2015,Actress in a Leading Role,Jennifer Lawrence,caucasianAmerican,Joy,
2016,Actress in a Leading Role,Emma Stone,caucasianAmerican,La La Land,
2016,Actress in a Leading Role,Natalie Portman,caucasianAmerican,Jackie,
2016,Actress in a Leading Role,Meryl Streep,caucasianAmerican,Florence Foster Jenkins,
2017,Actress in a Leading Role,Frances McDormand,caucasianAmerican,"Three Billboards Outside Ebbing, Missouri",
2017,Actress in a Leading Role,Meryl Streep,caucasianAmerican,The Post,
2018,Actress in a Leading Role,Glenn Close,caucasianAmerican,The Wife,
2018,Actress in a Leading Role,Lady Gaga,caucasianAmerican,A Star Is Born,
2018,Actress in a Leading Role,Melissa McCarthy,caucasianAmerican,Can You Ever Forgive Me?,
1936,Actor in a Supporting Role,Walter Brennan,caucasianAmerican,Come and Get It,
1936,Actor in a Supporting Role,Stuart Erwin,caucasianAmerican,Pigskin Parade,
1937,Actor in a Supporting Role,Ralph Bellamy,caucasianAmerican,The Awful Truth,
1937,Actor in a Supporting Role,Thomas Mitchell,caucasianAmerican,The Hurricane,
1938,Actor in a Supporting Role,Walter Brennan,caucasianAmerican,Kentucky,
1938,Actor in a Supporting Role,John Garfield,caucasianAmerican,Four Daughters,
1939,Actor in a Supporting Role,Thomas Mitchell,caucasianAmerican,Stagecoach,
1939,Actor in a Supporting Role,Harry Carey,caucasianAmerican,Mr. Smith Goes to Washington,
1939,Actor in a Supporting Role,Brian Donlevy,caucasianAmerican,Beau Geste,
1940,Actor in a Supporting Role,Walter Brennan,caucasianAmerican,The Westerner,
1940,Actor in a Supporting Role,William Gargan,caucasianAmerican,They Knew What They Wanted,
1940,Actor in a Supporting Role,Jack Oakie,caucasianAmerican,The Great Dictator,
1941,Actor in a Supporting Role,Walter Brennan,caucasianAmerican,Sergeant York,
1941,Actor in a Supporting Role,Charles Coburn,caucasianAmerican,The Devil and Miss Jones,
1941,Actor in a Supporting Role,James Gleason,caucasianAmerican,Here Comes Mr. Jordan,
1942,Actor in a Supporting Role,Van Heflin,caucasianAmerican,Johnny Eager,
1942,Actor in a Supporting Role,William Bendix,caucasianAmerican,Wake Island,
1942,Actor in a Supporting Role,Frank Morgan,caucasianAmerican,Tortilla Flat,
1943,Actor in a Supporting Role,Charles Coburn,caucasianAmerican,The More the Merrier,
1943,Actor in a Supporting Role,Charles Bickford,caucasianAmerican,The Song of Bernadette,
1943,Actor in a Supporting Role,J. Carrol Naish,caucasianAmerican,Sahara,
1944,Actor in a Supporting Role,Clifton Webb,caucasianAmerican,Laura,
1944,Actor in a Supporting Role,Monty Woolley,caucasianAmerican,Since You Went Away,
1945,Actor in a Supporting Role,James Dunn,caucasianAmerican,A Tree Grows in Brooklyn,
1945,Actor in a Supporting Role,John Dall,caucasianAmerican,The Corn Is Green,
1945,Actor in a Supporting Role,Robert Mitchum,caucasianAmerican,G. I. Joe,
1945,Actor in a Supporting Role,J. Carrol Naish,caucasianAmerican,A Medal for Benny,
1946,Actor in a Supporting Role,Charles Coburn,caucasianAmerican,The Green Years,
1946,Actor in a Supporting Role,William Demarest,caucasianAmerican,The Jolson Story,
1946,Actor in a Supporting Role,Clifton Webb,caucasianAmerican,The Razor's Edge,
1947,Actor in a Supporting Role,Charles Bickford,caucasianAmerican,The Farmer's Daughter,
1947,Actor in a Supporting Role,Thomas Gomez,caucasianAmerican,Ride the Pink Horse,
1947,Actor in a Supporting Role,Robert Ryan,caucasianAmerican,Crossfire,
1947,Actor in a Supporting Role,Richard Widmark,caucasianAmerican,Kiss of Death,
1948,Actor in a Supporting Role,Charles Bickford,caucasianAmerican,Johnny Belinda,
1949,Actor in a Supporting Role,Dean Jagger,caucasianAmerican,Twelve O'Clock High,
1949,Actor in a Supporting Role,Arthur Kennedy,caucasianAmerican,Champion,
1949,Actor in a Supporting Role,James Whitmore,caucasianAmerican,Battleground,
1950,Actor in a Supporting Role,Jeff Chandler,caucasianAmerican,Broken Arrow,
1950,Actor in a Supporting Role,Sam Jaffe,caucasianAmerican,The Asphalt Jungle,
1951,Actor in a Supporting Role,Karl Malden,caucasianAmerican,A Streetcar Named Desire,
1951,Actor in a Supporting Role,Kevin McCarthy,caucasianAmerican,Death of a Salesman,
1951,Actor in a Supporting Role,Gig Young,caucasianAmerican,Come Fill the Cup,
1952,Actor in a Supporting Role,Arthur Hunnicutt,caucasianAmerican,The Big Sky,
1952,Actor in a Supporting Role,Jack Palance,caucasianAmerican,Sudden Fear,
1953,Actor in a Supporting Role,Frank Sinatra,caucasianAmerican,From Here to Eternity,
1953,Actor in a Supporting Role,Eddie Albert,caucasianAmerican,Roman Holiday,
1953,Actor in a Supporting Role,Brandon deWilde,caucasianAmerican,Shane,
1953,Actor in a Supporting Role,Robert Strauss,caucasianAmerican,Stalag 17,
1954,Actor in a Supporting Role,Edmond O'Brien,caucasianAmerican,The Barefoot Contessa,
1954,Actor in a Supporting Role,Lee J. Cobb,caucasianAmerican,On the Waterfront,
1954,Actor in a Supporting Role,Karl Malden,caucasianAmerican,On the Waterfront,
1954,Actor in a Supporting Role,Rod Steiger,caucasianAmerican,On the Waterfront,
1954,Actor in a Supporting Role,Tom Tully,caucasianAmerican,The Caine Mutiny,
1955,Actor in a Supporting Role,Jack Lemmon,caucasianAmerican,Mister Roberts,
1955,Actor in a Supporting Role,Arthur Kennedy,caucasianAmerican,Trial,
1955,Actor in a Supporting Role,Joe Mantell,caucasianAmerican,Marty,
1955,Actor in a Supporting Role,Arthur O'Connell,caucasianAmerican,Picnic,
1956,Actor in a Supporting Role,Don Murray,caucasianAmerican,Bus Stop,
1956,Actor in a Supporting Role,Anthony Perkins,caucasianAmerican,Friendly Persuasion,
1956,Actor in a Supporting Role,Mickey Rooney,caucasianAmerican,The Bold and the Brave,
1956,Actor in a Supporting Role,Robert Stack,caucasianAmerican,Written on the Wind,
1957,Actor in a Supporting Role,Red Buttons,caucasianAmerican,Sayonara,
1957,Actor in a Supporting Role,Arthur Kennedy,caucasianAmerican,Peyton Place,
1957,Actor in a Supporting Role,Russ Tamblyn,caucasianAmerican,Peyton Place,
1958,Actor in a Supporting Role,Burl Ives,caucasianAmerican,The Big Country,
1958,Actor in a Supporting Role,Lee J. Cobb,caucasianAmerican,The Brothers Karamazov,
1958,Actor in a Supporting Role,Arthur Kennedy,caucasianAmerican,Some Came Running,
1958,Actor in a Supporting Role,Gig Young,caucasianAmerican,Teacher's Pet,
1959,Actor in a Supporting Role,Arthur O'Connell,caucasianAmerican,Anatomy of a Murder,
1959,Actor in a Supporting Role,George C. Scott,caucasianAmerican,Anatomy of a Murder,
1959,Actor in a Supporting Role,Robert Vaughn,caucasianAmerican,The Young Philadelphians,
1959,Actor in a Supporting Role,Ed Wynn,caucasianAmerican,The Diary of Anne Frank,
1960,Actor in a Supporting Role,Peter Falk,caucasianAmerican,"Murder, Inc.",
1960,Actor in a Supporting Role,Chill Wills,caucasianAmerican,The Alamo,
1961,Actor in a Supporting Role,George Chakiris,caucasianAmerican,West Side Story,
1961,Actor in a Supporting Role,Montgomery Clift,caucasianAmerican,Judgment at Nuremberg,
1961,Actor in a Supporting Role,Peter Falk,caucasianAmerican,Pocketful of Miracles,
1961,Actor in a Supporting Role,Jackie Gleason,caucasianAmerican,The Hustler,
1961,Actor in a Supporting Role,George C. Scott,caucasianAmerican,The Hustler,
1962,Actor in a Supporting Role,Ed Begley,caucasianAmerican,Sweet Bird of Youth,
1962,Actor in a Supporting Role,Victor Buono,caucasianAmerican,What Ever Happened to Baby Jane?,
1962,Actor in a Supporting Role,Telly Savalas,caucasianAmerican,Birdman of Alcatraz,
1963,Actor in a Supporting Role,Melvyn Douglas,caucasianAmerican,Hud,
1963,Actor in a Supporting Role,Nick Adams,caucasianAmerican,Twilight of Honor,
1963,Actor in a Supporting Role,Bobby Darin,caucasianAmerican,"Captain Newman, M.D.",
1963,Actor in a Supporting Role,John Huston,caucasianAmerican,The Cardinal,
1964,Actor in a Supporting Role,Edmond O'Brien,caucasianAmerican,Seven Days in May,
1964,Actor in a Supporting Role,Lee Tracy,caucasianAmerican,The Best Man,
1965,Actor in a Supporting Role,Martin Balsam,caucasianAmerican,A Thousand Clowns,
1965,Actor in a Supporting Role,Michael Dunn,caucasianAmerican,Ship of Fools,
1966,Actor in a Supporting Role,Walter Matthau,caucasianAmerican,The Fortune Cookie,
1966,Actor in a Supporting Role,Mako,asianAmerican,The Sand Pebbles,
1966,Actor in a Supporting Role,George Segal,caucasianAmerican,Who's Afraid of Virginia Woolf?,
1967,Actor in a Supporting Role,George Kennedy,caucasianAmerican,Cool Hand Luke,
1967,Actor in a Supporting Role,Gene Hackman,caucasianAmerican,Bonnie and Clyde,
1967,Actor in a Supporting Role,Michael J. Pollard,caucasianAmerican,Bonnie and Clyde,
1968,Actor in a Supporting Role,Jack Albertson,caucasianAmerican,The Subject Was Roses,
1968,Actor in a Supporting Role,Seymour Cassel,caucasianAmerican,Faces,
1968,Actor in a Supporting Role,Gene Wilder,caucasianAmerican,The Producers,
1969,Actor in a Supporting Role,Gig Young,caucasianAmerican,"They Shoot Horses, Don't They?",
1969,Actor in a Supporting Role,Elliott Gould,caucasianAmerican,Bob & Carol & Ted & Alice,
1969,Actor in a Supporting Role,Jack Nicholson,caucasianAmerican,Easy Rider,
1970,Actor in a Supporting Role,Richard S. Castellano,caucasianAmerican,Lovers and Other Strangers,
1970,Actor in a Supporting Role,Gene Hackman,caucasianAmerican,I Never Sang for My Father,
1970,Actor in a Supporting Role,John Marley,caucasianAmerican,Love Story,
1971,Actor in a Supporting Role,Ben Johnson,caucasianAmerican,The Last Picture Show,
1971,Actor in a Supporting Role,Jeff Bridges,caucasianAmerican,The Last Picture Show,
1971,Actor in a Supporting Role,Leonard Frey,caucasianAmerican,Fiddler on the Roof,
1971,Actor in a Supporting Role,Richard Jaeckel,caucasianAmerican,Sometimes a Great Notion,
1971,Actor in a Supporting Role,Roy Scheider,caucasianAmerican,The French Connection,
1972,Actor in a Supporting Role,Joel Grey,caucasianAmerican,Cabaret,
1972,Actor in a Supporting Role,Eddie Albert,caucasianAmerican,The Heartbreak Kid,
1972,Actor in a Supporting Role,James Caan,caucasianAmerican,The Godfather,
1972,Actor in a Supporting Role,Robert Duvall,caucasianAmerican,The Godfather,
1972,Actor in a Supporting Role,Al Pacino,caucasianAmerican,The Godfather,
1973,Actor in a Supporting Role,Jack Gilford,caucasianAmerican,Save the Tiger,
1973,Actor in a Supporting Role,Jason Miller,caucasianAmerican,The Exorcist,
1973,Actor in a Supporting Role,Randy Quaid,caucasianAmerican,The Last Detail,
1974,Actor in a Supporting Role,Robert De Niro,caucasianAmerican,The Godfather Part II,
1974,Actor in a Supporting Role,Fred Astaire,caucasianAmerican,The Towering Inferno,
1974,Actor in a Supporting Role,Jeff Bridges,caucasianAmerican,Thunderbolt and Lightfoot,
1974,Actor in a Supporting Role,Michael V. Gazzo,caucasianAmerican,The Godfather Part II,
1975,Actor in a Supporting Role,George Burns,caucasianAmerican,The Sunshine Boys,
1975,Actor in a Supporting Role,Brad Dourif,caucasianAmerican,One Flew Over the Cuckoo's Nest,
1975,Actor in a Supporting Role,Burgess Meredith,caucasianAmerican,The Day of the Locust,
1975,Actor in a Supporting Role,Chris Sarandon,caucasianAmerican,Dog Day Afternoon,
1975,Actor in a Supporting Role,Jack Warden,caucasianAmerican,Shampoo,
1976,Actor in a Supporting Role,Jason Robards,caucasianAmerican,All the President's Men,
1976,Actor in a Supporting Role,Ned Beatty,caucasianAmerican,Network,
1976,Actor in a Supporting Role,Burgess Meredith,caucasianAmerican,Rocky,
1976,Actor in a Supporting Role,Burt Young,caucasianAmerican,Rocky,
1977,Actor in a Supporting Role,Jason Robards,caucasianAmerican,Julia,
1978,Actor in a Supporting Role,Christopher Walken,caucasianAmerican,The Deer Hunter,
1978,Actor in a Supporting Role,Bruce Dern,caucasianAmerican,Coming Home,
1978,Actor in a Supporting Role,Richard Farnsworth,caucasianAmerican,Comes a Horseman,
1978,Actor in a Supporting Role,Jack Warden,caucasianAmerican,Heaven Can Wait,
1979,Actor in a Supporting Role,Melvyn Douglas,caucasianAmerican,Being There,
1979,Actor in a Supporting Role,Robert Duvall,caucasianAmerican,Apocalypse Now,
1979,Actor in a Supporting Role,Frederic Forrest,caucasianAmerican,The Rose,
1979,Actor in a Supporting Role,Justin Henry,caucasianAmerican,Kramer vs. Kramer,
1979,Actor in a Supporting Role,Mickey Rooney,caucasianAmerican,The Black Stallion,
1980,Actor in a Supporting Role,Timothy Hutton,caucasianAmerican,Ordinary People,
1980,Actor in a Supporting Role,Judd Hirsch,caucasianAmerican,Ordinary People,
1980,Actor in a Supporting Role,Michael O'Keefe,caucasianAmerican,The Great Santini,
1980,Actor in a Supporting Role,Joe Pesci,caucasianAmerican,Raging Bull,
1980,Actor in a Supporting Role,Jason Robards,caucasianAmerican,Melvin and Howard,
1981,Actor in a Supporting Role,James Coco,caucasianAmerican,Only When I Laugh,
1981,Actor in a Supporting Role,Jack Nicholson,caucasianAmerican,Reds,
1982,Actor in a Supporting Role,Charles Durning,caucasianAmerican,The Best Little Whorehouse in Texas,
1982,Actor in a Supporting Role,John Lithgow,caucasianAmerican,The World According to Garp,
1982,Actor in a Supporting Role,Robert Preston,caucasianAmerican,Victor/Victoria,
1983,Actor in a Supporting Role,Jack Nicholson,caucasianAmerican,Terms of Endearment,
1983,Actor in a Supporting Role,Charles Durning,caucasianAmerican,To Be or Not to Be,
1983,Actor in a Supporting Role,John Lithgow,caucasianAmerican,Terms of Endearment,
1983,Actor in a Supporting Role,Sam Shepard,caucasianAmerican,The Right Stuff,
1983,Actor in a Supporting Role,Rip Torn,caucasianAmerican,Cross Creek,
1984,Actor in a Supporting Role,Haing S. Ngor,asianAmerican,The Killing Fields,
1984,Actor in a Supporting Role,John Malkovich,caucasianAmerican,Places in the Heart,
1984,Actor in a Supporting Role,Pat Morita,asianAmerican,The Karate Kid,
1985,Actor in a Supporting Role,Don Ameche,caucasianAmerican,Cocoon,
1985,Actor in a Supporting Role,William Hickey,caucasianAmerican,Prizzi's Honor,
1985,Actor in a Supporting Role,Robert Loggia,caucasianAmerican,Jagged Edge,
1985,Actor in a Supporting Role,Eric Roberts,caucasianAmerican,Runaway Train,
1986,Actor in a Supporting Role,Tom Berenger,caucasianAmerican,Platoon,
1986,Actor in a Supporting Role,Willem Dafoe,caucasianAmerican,Platoon,
1986,Actor in a Supporting Role,Dennis Hopper,caucasianAmerican,Hoosiers,
1987,Actor in a Supporting Role,Albert Brooks,caucasianAmerican,Broadcast News,
1988,Actor in a Supporting Role,Kevin Kline,caucasianAmerican,A Fish Called Wanda,
1988,Actor in a Supporting Role,Martin Landau,caucasianAmerican,Tucker: The Man and His Dream,
1988,Actor in a Supporting Role,River Phoenix,caucasianAmerican,Running on Empty,
1988,Actor in a Supporting Role,Dean Stockwell,caucasianAmerican,Married to the Mob,
1989,Actor in a Supporting Role,Danny Aiello,caucasianAmerican,Do the Right Thing,
1989,Actor in a Supporting Role,Marlon Brando,caucasianAmerican,A Dry White Season,
1989,Actor in a Supporting Role,Martin Landau,caucasianAmerican,Crimes and Misdemeanors,
1990,Actor in a Supporting Role,Joe Pesci,caucasianAmerican,Goodfellas,
1990,Actor in a Supporting Role,Bruce Davison,caucasianAmerican,Longtime Companion,
1990,Actor in a Supporting Role,Al Pacino,caucasianAmerican,Dick Tracy,
1991,Actor in a Supporting Role,Tommy Lee Jones,caucasianAmerican,JFK,
1991,Actor in a Supporting Role,Harvey Keitel,caucasianAmerican,Bugsy,
1991,Actor in a Supporting Role,Michael Lerner,caucasianAmerican,Barton Fink,
1992,Actor in a Supporting Role,Gene Hackman,caucasianAmerican,Unforgiven,
1992,Actor in a Supporting Role,Jack Nicholson,caucasianAmerican,A Few Good Men,
1992,Actor in a Supporting Role,Al Pacino,caucasianAmerican,Glengarry Glen Ross,
1992,Actor in a Supporting Role,David Paymer,caucasianAmerican,Mr. Saturday Night,
1993,Actor in a Supporting Role,Tommy Lee Jones,caucasianAmerican,The Fugitive,
1993,Actor in a Supporting Role,Leonardo DiCaprio,caucasianAmerican,What's Eating Gilbert Grape,
1993,Actor in a Supporting Role,John Malkovich,caucasianAmerican,In the Line of Fire,
1994,Actor in a Supporting Role,Martin Landau,caucasianAmerican,Ed Wood,
1994,Actor in a Supporting Role,Chazz Palminteri,caucasianAmerican,Bullets over Broadway,
1994,Actor in a Supporting Role,Gary Sinise,caucasianAmerican,Forrest Gump,
1995,Actor in a Supporting Role,Kevin Spacey,caucasianAmerican,The Usual Suspects,
1995,Actor in a Supporting Role,James Cromwell,caucasianAmerican,Babe,
1995,Actor in a Supporting Role,Ed Harris,caucasianAmerican,Apollo 13,
1995,Actor in a Supporting Role,Brad Pitt,caucasianAmerican,12 Monkeys,
1996,Actor in a Supporting Role,William H. Macy,caucasianAmerican,Fargo,
1996,Actor in a Supporting Role,Edward Norton,caucasianAmerican,Primal Fear,
1996,Actor in a Supporting Role,James Woods,caucasianAmerican,Ghosts of Mississippi,
1997,Actor in a Supporting Role,Robin Williams,caucasianAmerican,Good Will Hunting,
1997,Actor in a Supporting Role,Robert Forster,caucasianAmerican,Jackie Brown,
1997,Actor in a Supporting Role,Greg Kinnear,caucasianAmerican,As Good as It Gets,
1997,Actor in a Supporting Role,Burt Reynolds,caucasianAmerican,Boogie Nights,
1998,Actor in a Supporting Role,James Coburn,caucasianAmerican,Affliction,
1998,Actor in a Supporting Role,Robert Duvall,caucasianAmerican,A Civil Action,
1998,Actor in a Supporting Role,Ed Harris,caucasianAmerican,The Truman Show,
1998,Actor in a Supporting Role,Billy Bob Thornton,caucasianAmerican,A Simple Plan,
1999,Actor in a Supporting Role,Tom Cruise,caucasianAmerican,Magnolia,
1999,Actor in a Supporting Role,Haley Joel Osment,caucasianAmerican,The Sixth Sense,
2000,Actor in a Supporting Role,Jeff Bridges,caucasianAmerican,The Contender,
2000,Actor in a Supporting Role,Willem Dafoe,caucasianAmerican,Shadow of the Vampire,
2000,Actor in a Supporting Role,Joaquin Phoenix,caucasianAmerican,Gladiator,
2001,Actor in a Supporting Role,Ethan Hawke,caucasianAmerican,Training Day,
2001,Actor in a Supporting Role,Jon Voight,caucasianAmerican,Ali,
2002,Actor in a Supporting Role,Chris Cooper,caucasianAmerican,Adaptation.,
2002,Actor in a Supporting Role,Ed Harris,caucasianAmerican,The Hours,
2002,Actor in a Supporting Role,Paul Newman,caucasianAmerican,Road to Perdition,
2002,Actor in a Supporting Role,John C. Reilly,caucasianAmerican,Chicago,
2002,Actor in a Supporting Role,Christopher Walken,caucasianAmerican,Catch Me If You Can,
2003,Actor in a Supporting Role,Tim Robbins,caucasianAmerican,Mystic River,
2003,Actor in a Supporting Role,Alec Baldwin,caucasianAmerican,The Cooler,
2004,Actor in a Supporting Role,Alan Alda,caucasianAmerican,The Aviator,
2004,Actor in a Supporting Role,Thomas Haden Church,caucasianAmerican,Sideways,
2005,Actor in a Supporting Role,George Clooney,caucasianAmerican,Syriana,
2005,Actor in a Supporting Role,Matt Dillon,caucasianAmerican,Crash,
2005,Actor in a Supporting Role,Paul Giamatti,caucasianAmerican,Cinderella Man,
2005,Actor in a Supporting Role,Jake Gyllenhaal,caucasianAmerican,Brokeback Mountain,
2005,Actor in a Supporting Role,William Hurt,caucasianAmerican,A History of Violence,
2006,Actor in a Supporting Role,Alan Arkin,caucasianAmerican,Little Miss Sunshine,
2006,Actor in a Supporting Role,Jackie Earle Haley,caucasianAmerican,Little Children,
2006,Actor in a Supporting Role,Mark Wahlberg,caucasianAmerican,The Departed,
2007,Actor in a Supporting Role,Casey Affleck,caucasianAmerican,The Assassination of Jesse James by the Coward Robert Ford,
2007,Actor in a Supporting Role,Philip Seymour Hoffman,caucasianAmerican,Charlie Wilson's War,
2007,Actor in a Supporting Role,Hal Holbrook,caucasianAmerican,Into the Wild,
2008,Actor in a Supporting Role,Josh Brolin,caucasianAmerican,Milk,
2008,Actor in a Supporting Role,Robert Downey Jr.,caucasianAmerican,Tropic Thunder,
2008,Actor in a Supporting Role,Philip Seymour Hoffman,caucasianAmerican,Doubt,
2008,Actor in a Supporting Role,Michael Shannon,caucasianAmerican,Revolutionary Road,
2009,Actor in a Supporting Role,Matt Damon,caucasianAmerican,Invictus,
2009,Actor in a Supporting Role,Woody Harrelson,caucasianAmerican,The Messenger,
2009,Actor in a Supporting Role,Stanley Tucci,caucasianAmerican,The Lovely Bones,
2010,Actor in a Supporting Role,John Hawkes,caucasianAmerican,Winter's Bone,
2010,Actor in a Supporting Role,Jeremy Renner,caucasianAmerican,The Town,
2010,Actor in a Supporting Role,Mark Ruffalo,caucasianAmerican,The Kids Are All Right,
2011,Actor in a Supporting Role,Jonah Hill,caucasianAmerican,Moneyball,
2011,Actor in a Supporting Role,Nick Nolte,caucasianAmerican,Warrior,
2012,Actor in a Supporting Role,Alan Arkin,caucasianAmerican,Argo,
2012,Actor in a Supporting Role,Robert De Niro,caucasianAmerican,Silver Linings Playbook,
2012,Actor in a Supporting Role,Philip Seymour Hoffman,caucasianAmerican,The Master,
2012,Actor in a Supporting Role,Tommy Lee Jones,caucasianAmerican,Lincoln,
2013,Actor in a Supporting Role,Jared Leto,caucasianAmerican,Dallas Buyers Club,
2013,Actor in a Supporting Role,Bradley Cooper,caucasianAmerican,American Hustle,
2013,Actor in a Supporting Role,Jonah Hill,caucasianAmerican,The Wolf of Wall Street,
2014,Actor in a Supporting Role,J. K. Simmons,caucasianAmerican,Whiplash,
2014,Actor in a Supporting Role,Robert Duvall,caucasianAmerican,The Judge,
2014,Actor in a Supporting Role,Ethan Hawke,caucasianAmerican,Boyhood,
2014,Actor in a Supporting Role,Edward Norton,caucasianAmerican,Birdman,
2014,Actor in a Supporting Role,Mark Ruffalo,caucasianAmerican,Foxcatcher,
2015,Actor in a Supporting Role,Mark Ruffalo,caucasianAmerican,Spotlight,
2015,Actor in a Supporting Role,Sylvester Stallone,caucasianAmerican,Creed,
2016,Actor in a Supporting Role,Jeff Bridges,caucasianAmerican,Hell or High Water,
2016,Actor in a Supporting Role,Lucas Hedges,caucasianAmerican,Manchester by the Sea,
2016,Actor in a Supporting Role,Michael Shannon,caucasianAmerican,Nocturnal Animals,
2017,Actor in a Supporting Role,Sam Rockwell,caucasianAmerican,"Three Billboards Outside Ebbing, Missouri",
2017,Actor in a Supporting Role,Willem Dafoe,caucasianAmerican,The Florida Project,
2017,Actor in a Supporting Role,Woody Harrelson,caucasianAmerican,"Three Billboards Outside Ebbing, Missouri",
2017,Actor in a Supporting Role,Richard Jenkins,caucasianAmerican,The Shape of Water,
2018,Actor in a Supporting Role,Adam Driver,caucasianAmerican,BlacKkKlansman,
2018,Actor in a Supporting Role,Sam Elliott,caucasianAmerican,A Star Is Born,
2018,Actor in a Supporting Role,Sam Rockwell,caucasianAmerican,Vice,
1936,Actress in a Supporting Role,Gale Sondergaard,caucasianAmerican,Anthony Adverse,
1936,Actress in a Supporting Role,Beulah Bondi,caucasianAmerican,The Gorgeous Hussy,
1936,Actress in a Supporting Role,Alice Brady,caucasianAmerican,My Man Godfrey,
1936,Actress in a Supporting Role,Bonita Granville,caucasianAmerican,These Three,
1937,Actress in a Supporting Role,Alice Brady,caucasianAmerican,In Old Chicago,
1937,Actress in a Supporting Role,Andrea Leeds,caucasianAmerican,Stage Door,
1937,Actress in a Supporting Role,Anne Shirley,caucasianAmerican,Stella Dallas,
1937,Actress in a Supporting Role,Claire Trevor,caucasianAmerican,Dead End,
1938,Actress in a Supporting Role,Fay Bainter,caucasianAmerican,Jezebel,
1938,Actress in a Supporting Role,Beulah Bondi,caucasianAmerican,Of Human Hearts,
1938,Actress in a Supporting Role,Billie Burke,caucasianAmerican,Merrily We Live,
1938,Actress in a Supporting Role,Spring Byington,caucasianAmerican,You Can't Take It with You,
1939,Actress in a Supporting Role,Edna May Oliver,caucasianAmerican,Drums Along the Mohawk,
1940,Actress in a Supporting Role,Jane Darwell,caucasianAmerican,The Grapes of Wrath,
1940,Actress in a Supporting Role,Ruth Hussey,caucasianAmerican,The Philadelphia Story,
1940,Actress in a Supporting Role,Barbara O'Neil,caucasianAmerican,"All This, and Heaven Too",
1940,Actress in a Supporting Role,Marjorie Rambeau,caucasianAmerican,Primrose Path,
1941,Actress in a Supporting Role,Mary Astor,caucasianAmerican,The Great Lie,
1941,Actress in a Supporting Role,Teresa Wright,caucasianAmerican,The Little Foxes,
1942,Actress in a Supporting Role,Teresa Wright,caucasianAmerican,Mrs. Miniver,
1942,Actress in a Supporting Role,Agnes Moorehead,caucasianAmerican,The Magnificent Ambersons,
1942,Actress in a Supporting Role,Susan Peters,caucasianAmerican,Random Harvest,
1943,Actress in a Supporting Role,Paulette Goddard,caucasianAmerican,So Proudly We Hail!,
1943,Actress in a Supporting Role,Anne Revere,caucasianAmerican,The Song of Bernadette,
1944,Actress in a Supporting Role,Ethel Barrymore,caucasianAmerican,None but the Lonely Heart,
1944,Actress in a Supporting Role,Jennifer Jones,caucasianAmerican,Since You Went Away,
1944,Actress in a Supporting Role,Aline MacMahon,caucasianAmerican,Dragon Seed,
1944,Actress in a Supporting Role,Agnes Moorehead,caucasianAmerican,Mrs. Parkington,
1945,Actress in a Supporting Role,Anne Revere,caucasianAmerican,National Velvet,
1945,Actress in a Supporting Role,Eve Arden,caucasianAmerican,Mildred Pierce,
1945,Actress in a Supporting Role,Ann Blyth,caucasianAmerican,Mildred Pierce,
1945,Actress in a Supporting Role,Joan Lorring,caucasianAmerican,The Corn is Green,
1946,Actress in a Supporting Role,Anne Baxter,caucasianAmerican,The Razor's Edge,
1946,Actress in a Supporting Role,Ethel Barrymore,caucasianAmerican,The Spiral Staircase,
1946,Actress in a Supporting Role,Lillian Gish,caucasianAmerican,Duel in the Sun,
1946,Actress in a Supporting Role,Gale Sondergaard,caucasianAmerican,Anna and the King of Siam,
1947,Actress in a Supporting Role,Celeste Holm,caucasianAmerican,Gentleman's Agreement,
1947,Actress in a Supporting Role,Ethel Barrymore,caucasianAmerican,The Paradine Case,
1947,Actress in a Supporting Role,Gloria Grahame,caucasianAmerican,Crossfire,
1947,Actress in a Supporting Role,Marjorie Main,caucasianAmerican,The Egg and I,
1947,Actress in a Supporting Role,Anne Revere,caucasianAmerican,Gentleman's Agreement,
1948,Actress in a Supporting Role,Claire Trevor,caucasianAmerican,Key Largo,
1948,Actress in a Supporting Role,Barbara Bel Geddes,caucasianAmerican,I Remember Mama,
1948,Actress in a Supporting Role,Ellen Corby,caucasianAmerican,I Remember Mama,
1948,Actress in a Supporting Role,Agnes Moorehead,caucasianAmerican,Johnny Belinda,
1949,Actress in a Supporting Role,Mercedes McCambridge,caucasianAmerican,All the King's Men,
1949,Actress in a Supporting Role,Ethel Barrymore,caucasianAmerican,Pinky,
1949,Actress in a Supporting Role,Celeste Holm,caucasianAmerican,Come to the Stable,
1950,Actress in a Supporting Role,Josephine Hull,caucasianAmerican,Harvey,
1950,Actress in a Supporting Role,Hope Emerson,caucasianAmerican,Caged,
1950,Actress in a Supporting Role,Celeste Holm,caucasianAmerican,All About Eve,
1950,Actress in a Supporting Role,Nancy Olson,caucasianAmerican,Sunset Boulevard,
1950,Actress in a Supporting Role,Thelma Ritter,caucasianAmerican,All About Eve,
1951,Actress in a Supporting Role,Kim Hunter,caucasianAmerican,A Streetcar Named Desire,
1951,Actress in a Supporting Role,Joan Blondell,caucasianAmerican,The Blue Veil,
1951,Actress in a Supporting Role,Mildred Dunnock,caucasianAmerican,Death of a Salesman,
1951,Actress in a Supporting Role,Lee Grant,caucasianAmerican,Detective Story,
1951,Actress in a Supporting Role,Thelma Ritter,caucasianAmerican,The Mating Season,
1952,Actress in a Supporting Role,Gloria Grahame,caucasianAmerican,The Bad and the Beautiful,
1952,Actress in a Supporting Role,Jean Hagen,caucasianAmerican,Singin' in the Rain,
1952,Actress in a Supporting Role,Terry Moore,caucasianAmerican,"Come Back, Little Sheba",
1952,Actress in a Supporting Role,Thelma Ritter,caucasianAmerican,With a Song in My Heart,
1953,Actress in a Supporting Role,Donna Reed,caucasianAmerican,From Here to Eternity,
1953,Actress in a Supporting Role,Grace Kelly,caucasianAmerican,Mogambo,
1953,Actress in a Supporting Role,Geraldine Page,caucasianAmerican,Hondo,
1953,Actress in a Supporting Role,Marjorie Rambeau,caucasianAmerican,Torch Song,
1953,Actress in a Supporting Role,Thelma Ritter,caucasianAmerican,Pickup on South Street,
1954,Actress in a Supporting Role,Eva Marie Saint,caucasianAmerican,On the Waterfront,
1954,Actress in a Supporting Role,Jan Sterling,caucasianAmerican,The High and the Mighty,
1954,Actress in a Supporting Role,Claire Trevor,caucasianAmerican,The High and the Mighty,
1955,Actress in a Supporting Role,Jo Van Fleet,caucasianAmerican,East of Eden,
1955,Actress in a Supporting Role,Betsy Blair,caucasianAmerican,Marty,
1955,Actress in a Supporting Role,Peggy Lee,caucasianAmerican,Pete Kelly's Blues,
1955,Actress in a Supporting Role,Natalie Wood,caucasianAmerican,Rebel Without a Cause,
1956,Actress in a Supporting Role,Dorothy Malone,caucasianAmerican,Written on the Wind,
1956,Actress in a Supporting Role,Mildred Dunnock,caucasianAmerican,Baby Doll,
1956,Actress in a Supporting Role,Eileen Heckart,caucasianAmerican,The Bad Seed,
1956,Actress in a Supporting Role,Mercedes McCambridge,caucasianAmerican,Giant,
1956,Actress in a Supporting Role,Patty McCormack,caucasianAmerican,The Bad Seed,
1957,Actress in a Supporting Role,Miyoshi Umeki,asianAmerican,Sayonara,
1957,Actress in a Supporting Role,Carolyn Jones,caucasianAmerican,The Bachelor Party,
1957,Actress in a Supporting Role,Hope Lange,caucasianAmerican,Peyton Place,
1957,Actress in a Supporting Role,Diane Varsi,caucasianAmerican,Peyton Place,
1958,Actress in a Supporting Role,Peggy Cass,caucasianAmerican,Auntie Mame,
1958,Actress in a Supporting Role,Martha Hyer,caucasianAmerican,Some Came Running,
1958,Actress in a Supporting Role,Maureen Stapleton,caucasianAmerican,Lonelyhearts,
1958,Actress in a Supporting Role,Cara Williams,caucasianAmerican,The Defiant Ones,
1959,Actress in a Supporting Role,Shelley Winters,caucasianAmerican,The Diary of Anne Frank,
1959,Actress in a Supporting Role,Thelma Ritter,caucasianAmerican,Pillow Talk,
1960,Actress in a Supporting Role,Shirley Jones,caucasianAmerican,Elmer Gantry,
1960,Actress in a Supporting Role,Shirley Knight,caucasianAmerican,The Dark at the Top of the Stairs,
1960,Actress in a Supporting Role,Janet Leigh,caucasianAmerican,Psycho,
1961,Actress in a Supporting Role,Fay Bainter,caucasianAmerican,The Children's Hour,
1961,Actress in a Supporting Role,Judy Garland,caucasianAmerican,Judgment at Nuremberg,
1961,Actress in a Supporting Role,Una Merkel,caucasianAmerican,Summer and Smoke,
1962,Actress in a Supporting Role,Patty Duke,caucasianAmerican,The Miracle Worker,
1962,Actress in a Supporting Role,Mary Badham,caucasianAmerican,To Kill a Mockingbird,
1962,Actress in a Supporting Role,Shirley Knight,caucasianAmerican,Sweet Bird of Youth,
1962,Actress in a Supporting Role,Thelma Ritter,caucasianAmerican,Birdman of Alcatraz,
1964,Actress in a Supporting Role,Grayson Hall,caucasianAmerican,The Night of the Iguana,
1964,Actress in a Supporting Role,Agnes Moorehead,caucasianAmerican,"Hush...Hush, Sweet Charlotte",
1965,Actress in a Supporting Role,Shelley Winters,caucasianAmerican,A Patch of Blue,
1965,Actress in a Supporting Role,Ruth Gordon,caucasianAmerican,Inside Daisy Clover,
1965,Actress in a Supporting Role,Peggy Wood,caucasianAmerican,The Sound of Music,
1966,Actress in a Supporting Role,Sandy Dennis,caucasianAmerican,Who's Afraid of Virginia Woolf?,
1966,Actress in a Supporting Role,Geraldine Page,caucasianAmerican,You're a Big Boy Now,
1967,Actress in a Supporting Role,Estelle Parsons,caucasianAmerican,Bonnie and Clyde,
1967,Actress in a Supporting Role,Carol Channing,caucasianAmerican,Thoroughly Modern Millie,
1967,Actress in a Supporting Role,Mildred Natwick,caucasianAmerican,Barefoot in the Park,
1967,Actress in a Supporting Role,Katharine Ross,caucasianAmerican,The Graduate,
1968,Actress in a Supporting Role,Ruth Gordon,caucasianAmerican,Rosemary's Baby,
1968,Actress in a Supporting Role,Lynn Carlin,caucasianAmerican,Faces,
1968,Actress in a Supporting Role,Sondra Locke,caucasianAmerican,The Heart Is a Lonely Hunter,
1968,Actress in a Supporting Role,Kay Medford,caucasianAmerican,Funny Girl,
1968,Actress in a Supporting Role,Estelle Parsons,caucasianAmerican,"Rachel, Rachel",
1969,Actress in a Supporting Role,Goldie Hawn,caucasianAmerican,Cactus Flower,
1969,Actress in a Supporting Role,Catherine Burns,caucasianAmerican,Last Summer,
1969,Actress in a Supporting Role,Dyan Cannon,caucasianAmerican,Bob & Carol & Ted & Alice,
1969,Actress in a Supporting Role,Sylvia Miles,caucasianAmerican,Midnight Cowboy,
1970,Actress in a Supporting Role,Helen Hayes,caucasianAmerican,Airport,
1970,Actress in a Supporting Role,Karen Black,caucasianAmerican,Five Easy Pieces,
1970,Actress in a Supporting Role,Lee Grant,caucasianAmerican,The Landlord,
1970,Actress in a Supporting Role,Sally Kellerman,caucasianAmerican,MASH,
1970,Actress in a Supporting Role,Maureen Stapleton,caucasianAmerican,Airport,
1971,Actress in a Supporting Role,Cloris Leachman,caucasianAmerican,The Last Picture Show,
1971,Actress in a Supporting Role,Ellen Burstyn,caucasianAmerican,The Last Picture Show,
1971,Actress in a Supporting Role,Barbara Harris,caucasianAmerican,Who Is Harry Kellerman and Why Is He Saying Those Terrible Things About Me?,
1972,Actress in a Supporting Role,Eileen Heckart,caucasianAmerican,Butterflies Are Free,
1972,Actress in a Supporting Role,Jeannie Berlin,caucasianAmerican,The Heartbreak Kid,
1972,Actress in a Supporting Role,Geraldine Page,caucasianAmerican,Pete 'n' Tillie,
1972,Actress in a Supporting Role,Susan Tyrrell,caucasianAmerican,Fat City,
1972,Actress in a Supporting Role,Shelley Winters,caucasianAmerican,The Poseidon Adventure,
1973,Actress in a Supporting Role,Tatum O'Neal,caucasianAmerican,Paper Moon,
1973,Actress in a Supporting Role,Linda Blair,caucasianAmerican,The Exorcist,
1973,Actress in a Supporting Role,Candy Clark,caucasianAmerican,American Graffiti,
1973,Actress in a Supporting Role,Madeline Kahn,caucasianAmerican,Paper Moon,
1973,Actress in a Supporting Role,Sylvia Sidney,caucasianAmerican,"Summer Wishes, Winter Dreams",
1974,Actress in a Supporting Role,Madeline Kahn,caucasianAmerican,Blazing Saddles,
1974,Actress in a Supporting Role,Diane Ladd,caucasianAmerican,Alice Doesn't Live Here Anymore,
1974,Actress in a Supporting Role,Talia Shire,caucasianAmerican,The Godfather Part II,
1975,Actress in a Supporting Role,Lee Grant,caucasianAmerican,Shampoo,
1975,Actress in a Supporting Role,Ronee Blakley,caucasianAmerican,Nashville,
1975,Actress in a Supporting Role,Sylvia Miles,caucasianAmerican,"Farewell, My Lovely",
1975,Actress in a Supporting Role,Lily Tomlin,caucasianAmerican,Nashville,
1975,Actress in a Supporting Role,Brenda Vaccaro,caucasianAmerican,Jacqueline Susann's Once Is Not Enough,
1976,Actress in a Supporting Role,Beatrice Straight,caucasianAmerican,Network,
1976,Actress in a Supporting Role,Jane Alexander,caucasianAmerican,All the President's Men,
1976,Actress in a Supporting Role,Jodie Foster,caucasianAmerican,Taxi Driver,
1976,Actress in a Supporting Role,Lee Grant,caucasianAmerican,Voyage of the Damned,
1976,Actress in a Supporting Role,Piper Laurie,caucasianAmerican,Carrie,
1977,Actress in a Supporting Role,Leslie Browne,caucasianAmerican,The Turning Point,
1977,Actress in a Supporting Role,Quinn Cummings,caucasianAmerican,The Goodbye Girl,
1977,Actress in a Supporting Role,Melinda Dillon,caucasianAmerican,Close Encounters of the Third Kind,
1977,Actress in a Supporting Role,Tuesday Weld,caucasianAmerican,Looking for Mr. Goodbar,
1978,Actress in a Supporting Role,Dyan Cannon,caucasianAmerican,Heaven Can Wait,
1978,Actress in a Supporting Role,Penelope Milford,caucasianAmerican,Coming Home,
1978,Actress in a Supporting Role,Maureen Stapleton,caucasianAmerican,Interiors,
1978,Actress in a Supporting Role,Meryl Streep,caucasianAmerican,The Deer Hunter,
1979,Actress in a Supporting Role,Meryl Streep,caucasianAmerican,Kramer vs. Kramer,
1979,Actress in a Supporting Role,Jane Alexander,caucasianAmerican,Kramer vs. Kramer,
1979,Actress in a Supporting Role,Barbara Barrie,caucasianAmerican,Breaking Away,
1979,Actress in a Supporting Role,Candice Bergen,caucasianAmerican,Starting Over,
1979,Actress in a Supporting Role,Mariel Hemingway,caucasianAmerican,Manhattan,
1980,Actress in a Supporting Role,Mary Steenburgen,caucasianAmerican,Melvin and Howard,
1980,Actress in a Supporting Role,Eileen Brennan,caucasianAmerican,Private Benjamin,
1980,Actress in a Supporting Role,Cathy Moriarty,caucasianAmerican,Raging Bull,
1980,Actress in a Supporting Role,Diana Scarwid,caucasianAmerican,Inside Moves,
1981,Actress in a Supporting Role,Maureen Stapleton,caucasianAmerican,Reds,
1981,Actress in a Supporting Role,Melinda Dillon,caucasianAmerican,Absence of Malice,
1981,Actress in a Supporting Role,Jane Fonda,caucasianAmerican,On Golden Pond,
1981,Actress in a Supporting Role,Joan Hackett,caucasianAmerican,Only When I Laugh,
1981,Actress in a Supporting Role,Elizabeth McGovern,caucasianAmerican,Ragtime,
1982,Actress in a Supporting Role,Jessica Lange,caucasianAmerican,Tootsie,
1982,Actress in a Supporting Role,Glenn Close,caucasianAmerican,The World According to Garp,
1982,Actress in a Supporting Role,Teri Garr,caucasianAmerican,Tootsie,
1982,Actress in a Supporting Role,Kim Stanley,caucasianAmerican,Frances,
1982,Actress in a Supporting Role,Lesley Ann Warren,caucasianAmerican,Victor/Victoria,
1983,Actress in a Supporting Role,Linda Hunt,caucasianAmerican,The Year of Living Dangerously,
1983,Actress in a Supporting Role,Cher,caucasianAmerican,Silkwood,
1983,Actress in a Supporting Role,Glenn Close,caucasianAmerican,The Big Chill,
1983,Actress in a Supporting Role,Amy Irving,caucasianAmerican,Yentl,
1984,Actress in a Supporting Role,Glenn Close,caucasianAmerican,The Natural,
1984,Actress in a Supporting Role,Lindsay Crouse,caucasianAmerican,Places in the Heart,
1984,Actress in a Supporting Role,Christine Lahti,caucasianAmerican,Swing Shift,
1984,Actress in a Supporting Role,Geraldine Page,caucasianAmerican,The Pope of Greenwich Village,
1985,Actress in a Supporting Role,Anjelica Huston,caucasianAmerican,Prizzi's Honor,
1985,Actress in a Supporting Role,Amy Madigan,caucasianAmerican,Twice in a Lifetime,
1985,Actress in a Supporting Role,Meg Tilly,asianAmerican,Agnes of God,
1986,Actress in a Supporting Role,Dianne Wiest,caucasianAmerican,Hannah and Her Sisters,
1986,Actress in a Supporting Role,Tess Harper,caucasianAmerican,Crimes of the Heart,
1986,Actress in a Supporting Role,Piper Laurie,caucasianAmerican,Children of a Lesser God,
1986,Actress in a Supporting Role,Mary Elizabeth Mastrantonio,caucasianAmerican,The Color of Money,
1987,Actress in a Supporting Role,Anne Archer,caucasianAmerican,Fatal Attraction,
1987,Actress in a Supporting Role,Anne Ramsey,caucasianAmerican,Throw Momma from the Train,
1987,Actress in a Supporting Role,Ann Sothern,caucasianAmerican,The Whales of August,
1988,Actress in a Supporting Role,Geena Davis,caucasianAmerican,The Accidental Tourist,
1988,Actress in a Supporting Role,Joan Cusack,caucasianAmerican,Working Girl,
1988,Actress in a Supporting Role,Frances McDormand,caucasianAmerican,Mississippi Burning,
1988,Actress in a Supporting Role,Michelle Pfeiffer,caucasianAmerican,Dangerous Liaisons,
1988,Actress in a Supporting Role,Sigourney Weaver,caucasianAmerican,Working Girl,
1989,Actress in a Supporting Role,Anjelica Huston,caucasianAmerican,"Enemies, A Love Story",
1989,Actress in a Supporting Role,Julia Roberts,caucasianAmerican,Steel Magnolias,
1989,Actress in a Supporting Role,Dianne Wiest,caucasianAmerican,Parenthood,
1990,Actress in a Supporting Role,Annette Bening,caucasianAmerican,The Grifters,
1990,Actress in a Supporting Role,Lorraine Bracco,caucasianAmerican,Goodfellas,
1990,Actress in a Supporting Role,Diane Ladd,caucasianAmerican,Wild at Heart,
1990,Actress in a Supporting Role,Mary McDonnell,caucasianAmerican,Dances with Wolves,
1991,Actress in a Supporting Role,Diane Ladd,caucasianAmerican,Rambling Rose,
1991,Actress in a Supporting Role,Juliette Lewis,caucasianAmerican,Cape Fear,
1992,Actress in a Supporting Role,Marisa Tomei,caucasianAmerican,My Cousin Vinny,
1993,Actress in a Supporting Role,Holly Hunter,caucasianAmerican,The Firm,
1993,Actress in a Supporting Role,Winona Ryder,caucasianAmerican,The Age of Innocence,
1994,Actress in a Supporting Role,Dianne Wiest,caucasianAmerican,Bullets over Broadway,
1994,Actress in a Supporting Role,Uma Thurman,caucasianAmerican,Pulp Fiction,
1994,Actress in a Supporting Role,Jennifer Tilly,asianAmerican,Bullets over Broadway,
1995,Actress in a Supporting Role,Mira Sorvino,caucasianAmerican,Mighty Aphrodite,
1995,Actress in a Supporting Role,Joan Allen,caucasianAmerican,Nixon,
1995,Actress in a Supporting Role,Kathleen Quinlan,caucasianAmerican,Apollo 13,
1995,Actress in a Supporting Role,Mare Winningham,caucasianAmerican,Georgia,
1996,Actress in a Supporting Role,Joan Allen,caucasianAmerican,The Crucible,
1996,Actress in a Supporting Role,Lauren Bacall,caucasianAmerican,The Mirror Has Two Faces,
1996,Actress in a Supporting Role,Barbara Hershey,caucasianAmerican,The Portrait of a Lady,
1997,Actress in a Supporting Role,Kim Basinger,caucasianAmerican,L.A. Confidential,
1997,Actress in a Supporting Role,Joan Cusack,caucasianAmerican,In & Out,
1997,Actress in a Supporting Role,Julianne Moore,caucasianAmerican,Boogie Nights,
1997,Actress in a Supporting Role,Gloria Stuart,caucasianAmerican,Titanic,
1998,Actress in a Supporting Role,Kathy Bates,caucasianAmerican,Primary Colors,
1999,Actress in a Supporting Role,Angelina Jolie,caucasianAmerican,"Girl, Interrupted",
1999,Actress in a Supporting Role,Catherine Keener,caucasianAmerican,Being John Malkovich,
1999,Actress in a Supporting Role,Chloë Sevigny,caucasianAmerican,Boys Don't Cry,
2000,Actress in a Supporting Role,Marcia Gay Harden,caucasianAmerican,Pollock,
2000,Actress in a Supporting Role,Kate Hudson,caucasianAmerican,Almost Famous,
2000,Actress in a Supporting Role,Frances McDormand,caucasianAmerican,Almost Famous,
2001,Actress in a Supporting Role,Jennifer Connelly,caucasianAmerican,A Beautiful Mind,
2001,Actress in a Supporting Role,Marisa Tomei,caucasianAmerican,In the Bedroom,
2002,Actress in a Supporting Role,Kathy Bates,caucasianAmerican,About Schmidt,
2002,Actress in a Supporting Role,Julianne Moore,caucasianAmerican,The Hours,
2002,Actress in a Supporting Role,Meryl Streep,caucasianAmerican,Adaptation,
2003,Actress in a Supporting Role,Renée Zellweger,caucasianAmerican,Cold Mountain,
2003,Actress in a Supporting Role,Shohreh Aghdashloo,asianAmerican,House of Sand and Fog,
2003,Actress in a Supporting Role,Patricia Clarkson,caucasianAmerican,Pieces of April,
2003,Actress in a Supporting Role,Marcia Gay Harden,caucasianAmerican,Mystic River,
2003,Actress in a Supporting Role,Holly Hunter,caucasianAmerican,Thirteen,
2004,Actress in a Supporting Role,Laura Linney,caucasianAmerican,Kinsey,
2004,Actress in a Supporting Role,Virginia Madsen,caucasianAmerican,Sideways,
2004,Actress in a Supporting Role,Natalie Portman,caucasianAmerican,Closer,
2005,Actress in a Supporting Role,Amy Adams,caucasianAmerican,Junebug,
2005,Actress in a Supporting Role,Catherine Keener,caucasianAmerican,Capote,
2005,Actress in a Supporting Role,Frances McDormand,caucasianAmerican,North Country,
2005,Actress in a Supporting Role,Michelle Williams,caucasianAmerican,Brokeback Mountain,
2006,Actress in a Supporting Role,Abigail Breslin,caucasianAmerican,Little Miss Sunshine,
2007,Actress in a Supporting Role,Amy Ryan,caucasianAmerican,Gone Baby Gone,
2008,Actress in a Supporting Role,Amy Adams,caucasianAmerican,Doubt,
2008,Actress in a Supporting Role,Marisa Tomei,caucasianAmerican,The Wrestler,
2009,Actress in a Supporting Role,Vera Farmiga,caucasianAmerican,Up in the Air,
2009,Actress in a Supporting Role,Maggie Gyllenhaal,caucasianAmerican,Crazy Heart,
2009,Actress in a Supporting Role,Anna Kendrick,caucasianAmerican,Up in the Air,
2010,Actress in a Supporting Role,Melissa Leo,caucasianAmerican,The Fighter,
2010,Actress in a Supporting Role,Amy Adams,caucasianAmerican,The Fighter,
2010,Actress in a Supporting Role,Hailee Steinfeld,caucasianAmerican,True Grit,
2011,Actress in a Supporting Role,Jessica Chastain,caucasianAmerican,The Help,
2011,Actress in a Supporting Role,Melissa McCarthy,caucasianAmerican,Bridesmaids,
2012,Actress in a Supporting Role,Anne Hathaway,caucasianAmerican,Les Misérables,
2012,Actress in a Supporting Role,Amy Adams,caucasianAmerican,The Master,
2012,Actress in a Supporting Role,Sally Field,caucasianAmerican,Lincoln,
2012,Actress in a Supporting Role,Helen Hunt,caucasianAmerican,The Sessions,
2013,Actress in a Supporting Role,Jennifer Lawrence,caucasianAmerican,American Hustle,
2013,Actress in a Supporting Role,Julia Roberts,caucasianAmerican,August: Osage County,
2013,Actress in a Supporting Role,June Squibb,caucasianAmerican,Nebraska,
2014,Actress in a Supporting Role,Patricia Arquette,caucasianAmerican,Boyhood,
2014,Actress in a Supporting Role,Laura Dern,caucasianAmerican,Wild,
2014,Actress in a Supporting Role,Emma Stone,caucasianAmerican,Birdman,
2014,Actress in a Supporting Role,Meryl Streep,caucasianAmerican,Into the Woods,
2015,Actress in a Supporting Role,Jennifer Jason Leigh,caucasianAmerican,The Hateful Eight,
2015,Actress in a Supporting Role,Rooney Mara,caucasianAmerican,Carol,
2016,Actress in a Supporting Role,Michelle Williams,caucasianAmerican,Manchester by the Sea,
2017,Actress in a Supporting Role,Allison Janney,caucasianAmerican,"I, Tonya",
2017,Actress in a Supporting Role,Laurie Metcalf,caucasianAmerican,Lady Bird,
2018,Actress in a Supporting Role,Amy Adams,caucasianAmerican,Vice,
2018,Actress in a Supporting Role,Emma Stone,caucasianAmerican,The Favourite,