Year,Award,Nominees,Ethnicity,Movie
1928,Actor in a Leading Role,Emil Jannings,German,The Last Command The Way of All Flesh
1928,Actor in a Leading Role,Richard Barthelmess,Caucasian American,"The Noose
The Patent Leather Kid"
1929,Actor in a Leading Role,Warner Baxter,Caucasian American,In Old Arizona
1929,Actor in a Leading Role,George Bancroft,Caucasian American,Thunderbolt
1929,Actor in a Leading Role,Chester Morris,Caucasian American,Alibi
1929,Actor in a Leading Role,Paul Muni,Caucasian American,The Valiant
1929,Actor in a Leading Role,Lewis Stone,Caucasian American,The Patriot
1930,Actor in a Leading Role,George Arliss,English,Disraeli
1930,Actor in a Leading Role,George Arliss,English,The Green Goddess
1930,Actor in a Leading Role,Wallace Beery,Caucasian American,The Big House
1930,Actor in a Leading Role,Maurice Chevalier,French,"The Big Pond 
The Love Parade"
1930,Actor in a Leading Role,Ronald Colman,English,"Bulldog Drummond 
Condemned"
1930,Actor in a Leading Role,Lawrence Tibbett,Caucasian American,The Rogue Song
1931,Actor in a Leading Role,Lionel Barrymore,Caucasian American,A Free Soul
1931,Actor in a Leading Role,Jackie Cooper,Caucasian American,Skippy
1931,Actor in a Leading Role,Richard Dix,Caucasian American,Cimarron
1931,Actor in a Leading Role,Fredric March,Caucasian American,The Royal Family of Broadway
1931,Actor in a Leading Role,Adolphe Menjou,Caucasian American,The Front Page
1932,Actor in a Leading Role,Wallace Beery,Caucasian American,The Champ
1932,Actor in a Leading Role,Fredric March,Caucasian American,Dr. Jekyll and Mr. Hyde
1932,Actor in a Leading Role,Alfred Lunt,Caucasian American,The Guardsman
1933,Actor in a Leading Role,Charles Laughton,Caucasian American,The Private Life of Henry VIII
1933,Actor in a Leading Role,Leslie Howard,English-American,Berkeley Square
1933,Actor in a Leading Role,Paul Muni,Caucasian American,I Am a Fugitive from a Chain Gang
1934,Actor in a Leading Role,Clark Gable,Caucasian American,It Happened One Night
1934,Actor in a Leading Role,Frank Morgan,Caucasian American,The Affairs of Cellini
1934,Actor in a Leading Role,William Powell,Caucasian American,The Thin Man
1935,Actor in a Leading Role,Victor McLaglen,English-American,The Informer
1935,Actor in a Leading Role,Clark Gable,Caucasian American,Mutiny on the Bounty
1935,Actor in a Leading Role,Charles Laughton,English-American,
1935,Actor in a Leading Role,Paul Muni,Caucasian American,Black Fury
1935,Actor in a Leading Role,Franchot Tone,Caucasian American,Mutiny on the Bounty
1936,Actor in a Leading Role,Paul Muni,Caucasian American,The Story of Louis Pasteur
1936,Actor in a Leading Role,Gary Cooper,Caucasian American,Mr. Deeds Goes to Town
1936,Actor in a Leading Role,Walter Huston,Canadian,Dodsworth
1936,Actor in a Leading Role,William Powell,Caucasian American,My Man Godfrey
1936,Actor in a Leading Role,Spencer Tracy,Caucasian American,San Francisco
1937,Actor in a Leading Role,Spencer Tracy,Caucasian American,Captains Courageous
1937,Actor in a Leading Role,Charles Boyer,French,Conquest
1937,Actor in a Leading Role,Fredric March,Caucasian American,A Star Is Born
1937,Actor in a Leading Role,Robert Montgomery,Caucasian American,Night Must Fall
1937,Actor in a Leading Role,Paul Muni,Caucasian American,The Life of Emile Zola
1938,Actor in a Leading Role,Spencer Tracy,Caucasian American,Boys Town
1938,Actor in a Leading Role,Charles Boyer,French,Algiers
1938,Actor in a Leading Role,James Cagney,Caucasian American,Angels with Dirty Faces
1938,Actor in a Leading Role,Robert Donat,English,The Citadel
1938,Actor in a Leading Role,Leslie Howard,English,Pygmalion
1939,Actor in a Leading Role,Robert Donat,English,"Goodbye, Mr. Chips"
1939,Actor in a Leading Role,Clark Gable,Caucasian American,Gone with the Wind
1939,Actor in a Leading Role,Laurence Olivier,English,Wuthering Heights
1939,Actor in a Leading Role,Mickey Rooney,Caucasian American,Babes in Arms
1939,Actor in a Leading Role,James Stewart,Caucasian American,Mr. Smith Goes to Washington
1940,Actor in a Leading Role,James Stewart,Caucasian American,The Philadelphia Story
1940,Actor in a Leading Role,Charlie Chaplin,English,The Great Dictator
1940,Actor in a Leading Role,Henry Fonda,Caucasian American,The Grapes of Wrath
1940,Actor in a Leading Role,Raymond Massey,Canadian,Abe Lincoln in Illinois
1940,Actor in a Leading Role,Laurence Olivier,English,Rebecca
1941,Actor in a Leading Role,Gary Cooper,Caucasian American,Sergeant York
1941,Actor in a Leading Role,Cary Grant,English-American,Penny Serenade
1941,Actor in a Leading Role,Walter Huston,Canadian,The Devil and Daniel Webster
1941,Actor in a Leading Role,Robert Montgomery,Caucasian American,Here Comes Mr. Jordan
1941,Actor in a Leading Role,Orson Welles,Caucasian American,Citizen Kane
1942,Actor in a Leading Role,James Cagney,Caucasian American,Yankee Doodle Dandy
1942,Actor in a Leading Role,Ronald Colman,English-American,Random Harvest
1942,Actor in a Leading Role,Gary Cooper,Caucasian American,The Pride of the Yankees
1942,Actor in a Leading Role,Walter Pidgeon,Canadian-American,Mrs. Miniver
1942,Actor in a Leading Role,Monty Woolley,Caucasian American,The Pied Piper
1943,Actor in a Leading Role,Paul Lukas,Hungarian,Watch on the Rhine
1943,Actor in a Leading Role,Humphrey Bogart,Caucasian American,Casablanca
1943,Actor in a Leading Role,Gary Cooper,Caucasian American,For Whom the Bell Tolls
1943,Actor in a Leading Role,Walter Pidgeon,Canadian-American,Madame Curie
1943,Actor in a Leading Role,Mickey Rooney,Caucasian American,The Human Comedy
1944,Actor in a Leading Role,Bing Crosby,Caucasian American,Going My Way
1944,Actor in a Leading Role,Charles Boyer,French,Gaslight
1944,Actor in a Leading Role,Barry Fitzgerald,Irish,Going My Way
1944,Actor in a Leading Role,Cary Grant,English-American,None but the Lonely Heart
1944,Actor in a Leading Role,Alexander Knox,Canadian,Wilson
1945,Actor in a Leading Role,Ray Milland,Welsh-American,The Lost Weekend
1945,Actor in a Leading Role,Bing Crosby,Caucasian American,The Bells of St. Mary's
1945,Actor in a Leading Role,Gene Kelly,Caucasian American,Anchors Aweigh
1945,Actor in a Leading Role,Gregory Peck,Caucasian American,The Keys of the Kingdom
1945,Actor in a Leading Role,Cornel Wilde,Hungarian-American,A Song to Remember
1946,Actor in a Leading Role,Fredric March,Caucasian American,The Best Years of Our Lives
1946,Actor in a Leading Role,Laurence Olivier,English,Henry V
1946,Actor in a Leading Role,Larry Parks,Caucasian American,The Jolson Story
1946,Actor in a Leading Role,Gregory Peck,Caucasian American,The Yearling
1946,Actor in a Leading Role,James Stewart,Caucasian American,It's a Wonderful Life
1947,Actor in a Leading Role,Ronald Colman,English-American,A Double Life
1947,Actor in a Leading Role,John Garfield,Caucasian American,Body and Soul
1947,Actor in a Leading Role,Gregory Peck,Caucasian American,Gentleman's Agreement
1947,Actor in a Leading Role,William Powell,Caucasian American,Life with Father
1947,Actor in a Leading Role,Michael Redgrave,English,Mourning Becomes Electra
1948,Actor in a Leading Role,Laurence Olivier,English,Hamlet
1948,Actor in a Leading Role,Lew Ayres,Caucasian American,Johnny Belinda
1948,Actor in a Leading Role,Montgomery Clift,Caucasian American,The Search
1948,Actor in a Leading Role,Dan Dailey,Caucasian American,When My Baby Smiles at Me
1948,Actor in a Leading Role,Clifton Webb,Caucasian American,Sitting Pretty
1949,Actor in a Leading Role,Broderick Crawford,Caucasian American,All the King's Men
1949,Actor in a Leading Role,Kirk Douglas,Caucasian American,Champion
1949,Actor in a Leading Role,Gregory Peck,Caucasian American,Twelve O'Clock High
1949,Actor in a Leading Role,Richard Todd,Irish-English,The Hasty Heart
1949,Actor in a Leading Role,John Wayne,Caucasian American,Sands of Iwo Jima
1950,Actor in a Leading Role,José Ferrer,Puerto Rican,Cyrano de Bergerac
1950,Actor in a Leading Role,Louis Calhern,Caucasian American,The Magnificent Yankee
1950,Actor in a Leading Role,William Holden,Caucasian American,Sunset Boulevard
1950,Actor in a Leading Role,James Stewart,Caucasian American,Harvey
1950,Actor in a Leading Role,Spencer Tracy,Caucasian American,Father of the Bride
1951,Actor in a Leading Role,Humphrey Bogart,Caucasian American,The African Queen
1951,Actor in a Leading Role,Marlon Brando,Caucasian American,A Streetcar Named Desire
1951,Actor in a Leading Role,Montgomery Clift,Caucasian American,A Place in the Sun
1951,Actor in a Leading Role,Arthur Kennedy,Caucasian American,Bright Victory
1951,Actor in a Leading Role,Fredric March,Caucasian American,Death of a Salesman
1952,Actor in a Leading Role,Gary Cooper,Caucasian American,High Noon
1952,Actor in a Leading Role,Marlon Brando,Caucasian American,Viva Zapata!
1952,Actor in a Leading Role,Kirk Douglas,Caucasian American,The Bad and the Beautiful
1952,Actor in a Leading Role,José Ferrer,Puerto Rican,Moulin Rouge
1952,Actor in a Leading Role,Alec Guinness,English,The Lavender Hill Mob
1953,Actor in a Leading Role,William Holden,Caucasian American,Stalag 17
1953,Actor in a Leading Role,Marlon Brando,Caucasian American,Julius Caesar
1953,Actor in a Leading Role,Richard Burton,Welsh,The Robe
1953,Actor in a Leading Role,Montgomery Clift,Caucasian American,From Here to Eternity
1953,Actor in a Leading Role,Burt Lancaster,Caucasian American,
1954,Actor in a Leading Role,Marlon Brando,Caucasian American,On the Waterfront
1954,Actor in a Leading Role,Humphrey Bogart,Caucasian American,The Caine Mutiny
1954,Actor in a Leading Role,Bing Crosby,Caucasian American,The Country Girl
1954,Actor in a Leading Role,James Mason,English,A Star Is Born
1954,Actor in a Leading Role,Dan O'Herlihy,Irish,Robinson Crusoe
1955,Actor in a Leading Role,Ernest Borgnine,Caucasian American,Marty
1955,Actor in a Leading Role,James Cagney,Caucasian American,Love Me or Leave Me
1955,Actor in a Leading Role,James Dean,Caucasian American,East of Eden
1955,Actor in a Leading Role,Frank Sinatra,Caucasian American,The Man with the Golden Arm
1955,Actor in a Leading Role,Spencer Tracy,Caucasian American,Bad Day at Black Rock
1956,Actor in a Leading Role,Yul Brynner,Russian-American,The King and I
1956,Actor in a Leading Role,James Dean,Caucasian American,Giant
1956,Actor in a Leading Role,Kirk Douglas,Caucasian American,Lust for Life
1956,Actor in a Leading Role,Rock Hudson,Caucasian American,Giant
1956,Actor in a Leading Role,Laurence Olivier,English,Richard III
1957,Actor in a Leading Role,Alec Guinness,English,The Bridge on the River Kwai
1957,Actor in a Leading Role,Marlon Brando,Caucasian American,Sayonara
1957,Actor in a Leading Role,Anthony Franciosa,Caucasian American,A Hatful of Rain
1957,Actor in a Leading Role,Charles Laughton,English-American,Witness for the Prosecution
1957,Actor in a Leading Role,Anthony Quinn,Mexican-American,Wild Is the Wind
1958,Actor in a Leading Role,David Niven,English,Separate Tables
1958,Actor in a Leading Role,Tony Curtis,Caucasian American,The Defiant Ones
1958,Actor in a Leading Role,Paul Newman,Caucasian American,Cat on a Hot Tin Roof
1958,Actor in a Leading Role,Sidney Poitier,African American,The Defiant Ones
1958,Actor in a Leading Role,Spencer Tracy,Caucasian American,The Old Man and the Sea
1959,Actor in a Leading Role,Charlton Heston,Caucasian American,Ben-Hur
1959,Actor in a Leading Role,Laurence Harvey,Lithuanian-American,Room at the Top
1959,Actor in a Leading Role,Jack Lemmon,Caucasian American,Some Like It Hot
1959,Actor in a Leading Role,Paul Muni,Caucasian American,The Last Angry Man
1959,Actor in a Leading Role,James Stewart,Caucasian American,Anatomy of a Murder
1960,Actor in a Leading Role,Burt Lancaster,Caucasian American,Elmer Gantry
1960,Actor in a Leading Role,Trevor Howard,English,Sons and Lovers
1960,Actor in a Leading Role,Jack Lemmon,Caucasian American,The Apartment
1960,Actor in a Leading Role,Laurence Olivier,English,The Entertainer
1960,Actor in a Leading Role,Spencer Tracy,Caucasian American,Inherit the Wind
1961,Actor in a Leading Role,Maximilian Schell,Austrian-Swiss,Judgment at Nuremberg
1961,Actor in a Leading Role,Charles Boyer,French,Fanny
1961,Actor in a Leading Role,Paul Newman,Caucasian American,The Hustler
1961,Actor in a Leading Role,Spencer Tracy,Caucasian American,Judgment at Nuremberg
1961,Actor in a Leading Role,Stuart Whitman,Caucasian American,The Mark
1962,Actor in a Leading Role,Gregory Peck,Caucasian American,To Kill a Mockingbird
1962,Actor in a Leading Role,Burt Lancaster,Caucasian American,Birdman of Alcatraz
1962,Actor in a Leading Role,Jack Lemmon,Caucasian American,Days of Wine and Roses
1962,Actor in a Leading Role,Marcello Mastroianni,Italian,Divorce Italian Style
1962,Actor in a Leading Role,Peter O'Toole,British-Irish,Lawrence of Arabia
1963,Actor in a Leading Role,Sidney Poitier,African American,Lilies of the Field
1963,Actor in a Leading Role,Albert Finney,English,Tom Jones
1963,Actor in a Leading Role,Richard Harris,Irish,This Sporting Life
1963,Actor in a Leading Role,Rex Harrison,English,Cleopatra
1963,Actor in a Leading Role,Paul Newman,Caucasian American,Hud
1964,Actor in a Leading Role,Rex Harrison,English,My Fair Lady
1964,Actor in a Leading Role,Richard Burton,Welsh,Becket
1964,Actor in a Leading Role,Peter O'Toole,British-Irish,
1964,Actor in a Leading Role,Anthony Quinn,Mexican-American,Zorba the Greek
1964,Actor in a Leading Role,Peter Sellers,English,Dr. Strangelove
1965,Actor in a Leading Role,Lee Marvin,Caucasian American,Cat Ballou
1965,Actor in a Leading Role,Richard Burton,Welsh,The Spy Who Came in from the Cold
1965,Actor in a Leading Role,Laurence Olivier,English,Othello
1965,Actor in a Leading Role,Rod Steiger,Caucasian American,The Pawnbroker
1965,Actor in a Leading Role,Oskar Werner,Austrian,Ship of Fools
1966,Actor in a Leading Role,Paul Scofield,English,A Man for All Seasons
1966,Actor in a Leading Role,Alan Arkin,Caucasian American,"The Russians Are Coming, the Russians Are Coming"
1966,Actor in a Leading Role,Richard Burton,Welsh,Who's Afraid of Virginia Woolf?
1966,Actor in a Leading Role,Michael Caine,English,Alfie
1966,Actor in a Leading Role,Steve McQueen,Caucasian American,The Sand Pebbles
1967,Actor in a Leading Role,Rod Steiger,Caucasian American,In the Heat of the Night
1967,Actor in a Leading Role,Warren Beatty,Caucasian American,Bonnie and Clyde
1967,Actor in a Leading Role,Dustin Hoffman,Caucasian American,The Graduate
1967,Actor in a Leading Role,Paul Newman,Caucasian American,Cool Hand Luke
1967,Actor in a Leading Role,Spencer Tracy,Caucasian American,Guess Who's Coming to Dinner
1968,Actor in a Leading Role,Cliff Robertson,Caucasian American,Charly
1968,Actor in a Leading Role,Alan Arkin,Caucasian American,The Heart Is a Lonely Hunter
1968,Actor in a Leading Role,Alan Bates,English,The Fixer
1968,Actor in a Leading Role,Ron Moody,English,Oliver!
1968,Actor in a Leading Role,Peter O'Toole,British-Irish,The Lion in Winter
1969,Actor in a Leading Role,John Wayne,Caucasian American,True Grit
1969,Actor in a Leading Role,Richard Burton,Welsh,Anne of the Thousand Days
1969,Actor in a Leading Role,Dustin Hoffman,Caucasian American,Midnight Cowboy
1969,Actor in a Leading Role,Peter O'Toole,British-Irish,"Goodbye, Mr. Chips"
1969,Actor in a Leading Role,Jon Voight,Caucasian American,Midnight Cowboy
1970,Actor in a Leading Role,George C. Scott,Caucasian American,Patton
1970,Actor in a Leading Role,Melvyn Douglas,Caucasian American,I Never Sang for My Father
1970,Actor in a Leading Role,James Earl Jones,African American,The Great White Hope
1970,Actor in a Leading Role,Jack Nicholson,Caucasian American,Five Easy Pieces
1970,Actor in a Leading Role,Ryan O'Neal,Caucasian American,Love Story
1971,Actor in a Leading Role,Gene Hackman,Caucasian American,The French Connection
1971,Actor in a Leading Role,Peter Finch,English-Austrialian,Sunday Bloody Sunday
1971,Actor in a Leading Role,Walter Matthau,Caucasian American,Kotch
1971,Actor in a Leading Role,George C. Scott,Caucasian American,The Hospital
1971,Actor in a Leading Role,Topol,Israeli,Fiddler on the Roof
1972,Actor in a Leading Role,Marlon Brando,Caucasian American,The Godfather
1972,Actor in a Leading Role,Michael Caine,English,Sleuth
1972,Actor in a Leading Role,Laurence Olivier,English,
1972,Actor in a Leading Role,Peter O'Toole,British-Irish,The Ruling Class
1972,Actor in a Leading Role,Paul Winfield,African American,Sounder
1973,Actor in a Leading Role,Jack Lemmon,Caucasian American,Save the Tiger
1973,Actor in a Leading Role,Marlon Brando,Caucasian American,Last Tango in Paris
1973,Actor in a Leading Role,Jack Nicholson,Caucasian American,The Last Detail
1973,Actor in a Leading Role,Al Pacino,Caucasian American,Serpico
1973,Actor in a Leading Role,Robert Redford,Caucasian American,The Sting
1974,Actor in a Leading Role,Art Carney,Caucasian American,Harry and Tonto
1974,Actor in a Leading Role,Albert Finney,English,Murder on the Orient Express
1974,Actor in a Leading Role,Dustin Hoffman,Caucasian American,Lenny
1974,Actor in a Leading Role,Jack Nicholson,Caucasian American,Chinatown
1974,Actor in a Leading Role,Al Pacino,Caucasian American,The Godfather Part II
1975,Actor in a Leading Role,Jack Nicholson,Caucasian American,One Flew Over the Cuckoo's Nest
1975,Actor in a Leading Role,Walter Matthau,Caucasian American,The Sunshine Boys
1975,Actor in a Leading Role,Al Pacino,Caucasian American,Dog Day Afternoon
1975,Actor in a Leading Role,Maximilian Schell,Austrian-Swiss,The Man in the Glass Booth
1975,Actor in a Leading Role,James Whitmore,Caucasian American,"Give 'em Hell, Harry!"
1976,Actor in a Leading Role,Peter Finch,English-Austrialian,Network
1976,Actor in a Leading Role,Robert De Niro,Italian-American,Taxi Driver
1976,Actor in a Leading Role,Giancarlo Giannini,Italian,Seven Beauties
1976,Actor in a Leading Role,William Holden,Caucasian American,Network
1976,Actor in a Leading Role,Sylvester Stallone,Caucasian American,Rocky
1977,Actor in a Leading Role,Richard Dreyfuss,Caucasian American,The Goodbye Girl
1977,Actor in a Leading Role,Woody Allen,Caucasian American,Annie Hall
1977,Actor in a Leading Role,Richard Burton,Welsh,Equus
1977,Actor in a Leading Role,Marcello Mastroianni,Italian,A Special Day
1977,Actor in a Leading Role,John Travolta,Caucasian American,Saturday Night Fever
1978,Actor in a Leading Role,Jon Voight,Caucasian American,Coming Home
1978,Actor in a Leading Role,Warren Beatty,Caucasian American,Heaven Can Wait
1978,Actor in a Leading Role,Gary Busey,Caucasian American,The Buddy Holly Story
1978,Actor in a Leading Role,Robert De Niro,Italian-American,The Deer Hunter
1978,Actor in a Leading Role,Laurence Olivier,English,The Boys from Brazil
1979,Actor in a Leading Role,Dustin Hoffman,Caucasian American,Kramer vs. Kramer
1979,Actor in a Leading Role,Jack Lemmon,Caucasian American,The China Syndrome
1979,Actor in a Leading Role,Al Pacino,Caucasian American,...And Justice for All
1979,Actor in a Leading Role,Roy Scheider,Caucasian American,All That Jazz
1979,Actor in a Leading Role,Peter Sellers,English,Being There
1980,Actor in a Leading Role,Robert De Niro,Italian-American,Raging Bull
1980,Actor in a Leading Role,Robert Duvall,Caucasian American,The Great Santini
1980,Actor in a Leading Role,John Hurt,English,The Elephant Man
1980,Actor in a Leading Role,Jack Lemmon,Caucasian American,Tribute
1980,Actor in a Leading Role,Peter O'Toole,British-Irish,The Stunt Man
1981,Actor in a Leading Role,Henry Fonda,Caucasian American,On Golden Pond
1981,Actor in a Leading Role,Warren Beatty,Caucasian American,Reds
1981,Actor in a Leading Role,Burt Lancaster,Caucasian American,Atlantic City
1981,Actor in a Leading Role,Dudley Moore,English,Arthur
1981,Actor in a Leading Role,Paul Newman,Caucasian American,Absence of Malice
1982,Actor in a Leading Role,Ben Kingsley,English,Gandhi
1982,Actor in a Leading Role,Dustin Hoffman,Caucasian American,Tootsie
1982,Actor in a Leading Role,Jack Lemmon,Caucasian American,Missing
1982,Actor in a Leading Role,Paul Newman,Caucasian American,The Verdict
1982,Actor in a Leading Role,Peter O'Toole,British-Irish,My Favorite Year
1983,Actor in a Leading Role,Robert Duvall,Caucasian American,Tender Mercies
1983,Actor in a Leading Role,Michael Caine,English,Educating Rita
1983,Actor in a Leading Role,Tom Conti,Scottish,"Reuben, Reuben"
1983,Actor in a Leading Role,Tom Courtenay,English,The Dresser
1983,Actor in a Leading Role,Albert Finney,English,
1984,Actor in a Leading Role,F. Murray Abraham,Caucasian American,Amadeus
1984,Actor in a Leading Role,Jeff Bridges,Caucasian American,Starman
1984,Actor in a Leading Role,Albert Finney,English,Under the Volcano
1984,Actor in a Leading Role,Tom Hulce,Caucasian American,Amadeus
1984,Actor in a Leading Role,Sam Waterston,Caucasian American,The Killing Fields
1985,Actor in a Leading Role,William Hurt,Caucasian American,Kiss of the Spider Woman
1985,Actor in a Leading Role,Harrison Ford,Caucasian American,Witness
1985,Actor in a Leading Role,James Garner,Caucasian American,Murphy's Romance
1985,Actor in a Leading Role,Jack Nicholson,Caucasian American,Prizzi's Honor
1985,Actor in a Leading Role,Jon Voight,Caucasian American,Runaway Train
1986,Actor in a Leading Role,Paul Newman,Caucasian American,The Color of Money
1986,Actor in a Leading Role,African American,African American,Round Midnight
1986,Actor in a Leading Role,Bob Hoskins,English,Mona Lisa
1986,Actor in a Leading Role,William Hurt,Caucasian American,Children of a Lesser God
1986,Actor in a Leading Role,James Woods,Caucasian American,Salvador
1987,Actor in a Leading Role,Michael Douglas,Caucasian American,Wall Street
1987,Actor in a Leading Role,William Hurt,Caucasian American,Broadcast News
1987,Actor in a Leading Role,Marcello Mastroianni,Italian,Dark Eyes
1987,Actor in a Leading Role,Jack Nicholson,Caucasian American,Ironweed
1987,Actor in a Leading Role,Robin Williams,Caucasian American,"Good Morning, Vietnam"
1988,Actor in a Leading Role,Dustin Hoffman,Caucasian American,Rain Man
1988,Actor in a Leading Role,Gene Hackman,Caucasian American,Mississippi Burning
1988,Actor in a Leading Role,Tom Hanks,Caucasian American,Big
1988,Actor in a Leading Role,Edward James Olmos,Mexican-American,Stand and Deliver
1988,Actor in a Leading Role,Max von Sydow,Swedish-French,Pelle the Conqueror
1989,Actor in a Leading Role,Daniel Day-Lewis,British-Irish,My Left Foot
1989,Actor in a Leading Role,Kenneth Branagh,Northern Irish-British,Henry V
1989,Actor in a Leading Role,Tom Cruise,Caucasian American,Born on the Fourth of July
1989,Actor in a Leading Role,Morgan Freeman,African American,Driving Miss Daisy
1989,Actor in a Leading Role,Robin Williams,Caucasian American,Dead Poets Society
1990,Actor in a Leading Role,Jeremy Irons,English,Reversal of Fortune
1990,Actor in a Leading Role,Kevin Costner,Caucasian American,Dances with Wolves
1990,Actor in a Leading Role,Robert De Niro,Italian-American,Awakenings
1990,Actor in a Leading Role,Gérard Depardieu,French,Cyrano de Bergerac
1990,Actor in a Leading Role,Richard Harris,Irish,The Field
1991,Actor in a Leading Role,Anthony Hopkins,British American,The Silence of the Lambs
1991,Actor in a Leading Role,Warren Beatty,Caucasian American,Bugsy
1991,Actor in a Leading Role,Robert De Niro,Italian-American,Cape Fear
1991,Actor in a Leading Role,Nick Nolte,Caucasian American,The Prince of Tides
1991,Actor in a Leading Role,Robin Williams,Caucasian American,The Fisher King
1992,Actor in a Leading Role,Al Pacino,Caucasian American,Scent of a Woman
1992,Actor in a Leading Role,Robert Downey Jr.,Caucasian American,Chaplin
1992,Actor in a Leading Role,Clint Eastwood,Caucasian American,Unforgiven
1992,Actor in a Leading Role,Stephen Rea,Northern Irish-British,The Crying Game
1992,Actor in a Leading Role,Denzel Washington,African American,Malcolm X
1993,Actor in a Leading Role,Tom Hanks,Caucasian American,Philadelphia
1993,Actor in a Leading Role,Daniel Day-Lewis,British-Irish,In the Name of the Father
1993,Actor in a Leading Role,Laurence Fishburne,African American,What's Love Got to Do with It
1993,Actor in a Leading Role,Anthony Hopkins,British American,The Remains of the Day
1993,Actor in a Leading Role,Liam Neeson,Northern Irish-British American,Schindler's List
1994,Actor in a Leading Role,Tom Hanks,Caucasian American,Forrest Gump
1994,Actor in a Leading Role,Morgan Freeman,African American,The Shawshank Redemption
1994,Actor in a Leading Role,Nigel Hawthorne,British,The Madness of King George
1994,Actor in a Leading Role,Paul Newman,Caucasian American,Nobody's Fool
1994,Actor in a Leading Role,John Travolta,Caucasian American,Pulp Fiction
1995,Actor in a Leading Role,Nicolas Cage,Caucasian American,Leaving Las Vegas
1995,Actor in a Leading Role,Richard Dreyfuss,Caucasian American,Mr. Holland's Opus
1995,Actor in a Leading Role,Anthony Hopkins,British American,Nixon
1995,Actor in a Leading Role,Sean Penn,Caucasian American,Dead Man Walking
1995,Actor in a Leading Role,Massimo Troisi,Italian,Il Postino: The Postman
1996,Actor in a Leading Role,Geoffrey Rush,Australian,Shine
1996,Actor in a Leading Role,Tom Cruise,Caucasian American,Jerry Maguire
1996,Actor in a Leading Role,Ralph Fiennes,British,The English Patient
1996,Actor in a Leading Role,Woody Harrelson,Caucasian American,The People vs. Larry Flynt
1996,Actor in a Leading Role,Billy Bob Thornton,Caucasian American,Sling Blade
1997,Actor in a Leading Role,Jack Nicholson,Caucasian American,As Good as It Gets
1997,Actor in a Leading Role,Matt Damon,Caucasian American,Good Will Hunting
1997,Actor in a Leading Role,Robert Duvall,Caucasian American,The Apostle
1997,Actor in a Leading Role,Peter Fonda,Caucasian American,Ulee's Gold
1997,Actor in a Leading Role,Dustin Hoffman,Caucasian American,Wag the Dog
1998,Actor in a Leading Role,Roberto Benigni,Italian,Life Is Beautiful
1998,Actor in a Leading Role,Tom Hanks,Caucasian American,Saving Private Ryan
1998,Actor in a Leading Role,Ian McKellen,English,Gods and Monsters
1998,Actor in a Leading Role,Nick Nolte,Caucasian American,Affliction
1998,Actor in a Leading Role,Edward Norton,Caucasian American,American History X
1999,Actor in a Leading Role,Kevin Spacey,Caucasian American,American Beauty
1999,Actor in a Leading Role,Russell Crowe,Native American,The Insider
1999,Actor in a Leading Role,Richard Farnsworth,Caucasian American,The Straight Story
1999,Actor in a Leading Role,Sean Penn,Caucasian American,Sweet and Lowdown
1999,Actor in a Leading Role,Denzel Washington,African American,The Hurricane
2000,Actor in a Leading Role,Russell Crowe,Native American,Gladiator
2000,Actor in a Leading Role,Javier Bardem,Spanish,Before Night Falls
2000,Actor in a Leading Role,Tom Hanks,Caucasian American,Cast Away
2000,Actor in a Leading Role,Ed Harris,Caucasian American,Pollock
2000,Actor in a Leading Role,Geoffrey Rush,Australian,Quills
2001,Actor in a Leading Role,Denzel Washington,African American,Training Day
2001,Actor in a Leading Role,Russell Crowe,Native American,A Beautiful Mind
2001,Actor in a Leading Role,Sean Penn,Caucasian American,I Am Sam
2001,Actor in a Leading Role,Will Smith,African American,Ali
2001,Actor in a Leading Role,Tom Wilkinson,English,In the Bedroom
2002,Actor in a Leading Role,Adrien Brody,Caucasian American,The Pianist
2002,Actor in a Leading Role,Nicolas Cage,Caucasian American,Adaptation
2002,Actor in a Leading Role,Michael Caine,English,The Quiet American
2002,Actor in a Leading Role,Daniel Day-Lewis,British-Irish,Gangs of New York
2002,Actor in a Leading Role,Jack Nicholson,Caucasian American,About Schmidt
2003,Actor in a Leading Role,Sean Penn,Caucasian American,Mystic River
2003,Actor in a Leading Role,Johnny Depp,Caucasian American,Pirates of the Caribbean: The Curse of the Black Pearl
2003,Actor in a Leading Role,Ben Kingsley,English,House of Sand and Fog
2003,Actor in a Leading Role,Jude Law,English,Cold Mountain
2003,Actor in a Leading Role,Bill Murray,Caucasian American,Lost in Translation
2004,Actor in a Leading Role,Jamie Foxx,African American,Ray
2004,Actor in a Leading Role,Don Cheadle,African American,Hotel Rwanda
2004,Actor in a Leading Role,Johnny Depp,Caucasian American,Finding Neverland
2004,Actor in a Leading Role,Leonardo DiCaprio,Caucasian American,The Aviator
2004,Actor in a Leading Role,Clint Eastwood,Caucasian American,Million Dollar Baby
2005,Actor in a Leading Role,Philip Seymour Hoffman,Caucasian American,Capote
2005,Actor in a Leading Role,Terrence Howard,African American,Hustle & Flow
2005,Actor in a Leading Role,Heath Ledger,Australian,Brokeback Mountain
2005,Actor in a Leading Role,Joaquin Phoenix,Mexican-American,Walk the Line
2005,Actor in a Leading Role,David Strathairn,American,"Good Night, and Good Luck"
2006,Actor in a Leading Role,Forest Whitaker,African American,The Last King of Scotland
2006,Actor in a Leading Role,Leonardo DiCaprio,Caucasian American,Blood Diamond
2006,Actor in a Leading Role,Ryan Gosling,Caucasian American,Half Nelson
2006,Actor in a Leading Role,Peter O'Toole,British-Irish,Venus
2006,Actor in a Leading Role,Will Smith,African American,The Pursuit of Happyness
2007,Actor in a Leading Role,Daniel Day-Lewis,British-Irish,There Will Be Blood
2007,Actor in a Leading Role,George Clooney,Caucasian American,Michael Clayton
2007,Actor in a Leading Role,Johnny Depp,Caucasian American,Sweeney Todd
2007,Actor in a Leading Role,Tommy Lee Jones,Caucasian American,In the Valley of Elah
2007,Actor in a Leading Role,Viggo Mortensen,Caucasian American,Eastern Promises
2008,Actor in a Leading Role,Sean Penn,Caucasian American,Milk
2008,Actor in a Leading Role,Richard Jenkins,Caucasian American,The Visitor
2008,Actor in a Leading Role,Frank Langella,Caucasian American,Frost/Nixon
2008,Actor in a Leading Role,Brad Pitt,Caucasian American,The Curious Case of Benjamin Button
2008,Actor in a Leading Role,Mickey Rourke,Caucasian American,The Wrestler
2009,Actor in a Leading Role,Jeff Bridges,Caucasian American,Crazy Heart
2009,Actor in a Leading Role,George Clooney,Caucasian American,Up in the Air
2009,Actor in a Leading Role,Colin Firth,Italian-British,A Single Man
2009,Actor in a Leading Role,Morgan Freeman,African American,Invictus
2009,Actor in a Leading Role,Jeremy Renner,Caucasian American,The Hurt Locker
2010,Actor in a Leading Role,Colin Firth,Italian-British,The King's Speech
2010,Actor in a Leading Role,Javier Bardem,Spanish,Biutiful
2010,Actor in a Leading Role,Jeff Bridges,Caucasian American,True Grit
2010,Actor in a Leading Role,Jesse Eisenberg,Caucasian American,The Social Network
2010,Actor in a Leading Role,James Franco,Caucasian American,127 Hours
2011,Actor in a Leading Role,Jean Dujardin,French,The Artist
2011,Actor in a Leading Role,Demián Bichir,Mexican-American,A Better Life
2011,Actor in a Leading Role,George Clooney,Caucasian American,The Descendants
2011,Actor in a Leading Role,Gary Oldman,English,Tinker Tailor Soldier Spy
2011,Actor in a Leading Role,Brad Pitt,Caucasian American,Moneyball
2012,Actor in a Leading Role,Daniel Day-Lewis,British-Irish,Lincoln
2012,Actor in a Leading Role,Bradley Cooper,Caucasian American,Silver Linings Playbook
2012,Actor in a Leading Role,Hugh Jackman,Canadian,Les Misérables
2012,Actor in a Leading Role,Joaquin Phoenix,Mexican-American,The Master
2012,Actor in a Leading Role,Denzel Washington,African American,Flight
2013,Actor in a Leading Role,Matthew McConaughey,Caucasian American,Dallas Buyers Club
2013,Actor in a Leading Role,Christian Bale,English American,American Hustle
2013,Actor in a Leading Role,Bruce Dern,Caucasian American,Nebraska
2013,Actor in a Leading Role,Leonardo DiCaprio,Caucasian American,The Wolf of Wall Street
2013,Actor in a Leading Role,Chiwetel Ejiofor,African American,12 Years a Slave
2014,Actor in a Leading Role,Eddie Redmayne,English,The Theory of Everything
2014,Actor in a Leading Role,Steve Carell,Caucasian American,Foxcatcher
2014,Actor in a Leading Role,Bradley Cooper,Caucasian American,American Sniper
2014,Actor in a Leading Role,Benedict Cumberbatch,English,The Imitation Game
2014,Actor in a Leading Role,Michael Keaton,Caucasian American,Birdman
2015,Actor in a Leading Role,Leonardo DiCaprio,Caucasian American,The Revenant
2015,Actor in a Leading Role,Bryan Cranston,Caucasian American,Trumbo
2015,Actor in a Leading Role,Matt Damon,Caucasian American,The Martian
2015,Actor in a Leading Role,Michael Fassbender,Irish-German,Steve Jobs
2015,Actor in a Leading Role,Eddie Redmayne,English,The Danish Girl
2016,Actor in a Leading Role,Casey Affleck,Caucasian American,Manchester by the Sea
2016,Actor in a Leading Role,Andrew Garfield,British-American,Hacksaw Ridge
2016,Actor in a Leading Role,Ryan Gosling,Caucasian American,La La Land
2016,Actor in a Leading Role,Viggo Mortensen,Caucasian American,Captain Fantastic
2016,Actor in a Leading Role,Denzel Washington,African American,Fences
2017,Actor in a Leading Role,Gary Oldman,English,Darkest Hour
2017,Actor in a Leading Role,Timothée Chalamet,French-American,Call Me by Your Name
2017,Actor in a Leading Role,Daniel Day-Lewis,British-Irish,Phantom Thread
2017,Actor in a Leading Role,Daniel Kaluuya,African American,Get Out
2017,Actor in a Leading Role,Denzel Washington,African American,"Roman J. Israel, Esq."
2018,Actor in a Leading Role,Rami Malek,Egyptian-American,Bohemian Rhapsody
2018,Actor in a Leading Role,Christian Bale,English American,Vice
2018,Actor in a Leading Role,Bradley Cooper,Caucasian American,A Star Is Born
2018,Actor in a Leading Role,Willem Dafoe,Caucasian American,At Eternity's Gate
2018,Actor in a Leading Role,Viggo Mortensen,Caucasian American,Green Book